place_id,title,address,maps_url,review_url,street,categories,services,labels,phone,review_count,rating,latitude,longitude,website,claimed,opening_hours,menu_link,booking_link,table_order_link,latest_post,municipality
"ChIJv6OLrFMPGTkRtHi9BjcidRo","RoyalAuto.PK Auto Workshop","Main Defence Road, near Railway Phatak, Jalal Colony Harbanspura, 53000, Pakistan","https://www.google.com/maps?cid=1906467636992899252","https://search.google.com/local/reviews?placeid=ChIJv6OLrFMPGTkRtHi9BjcidRo&q=auto+repair+shop+lahore&authuser=0&hl=en","Main Defence Road, near Railway Phatak","Auto repair shop","Onsite services","Service options: Onsite services; Accessibility: Wheelchair accessible entrance, Wheelchair accessible parking lot, Wheelchair accessible restroom, Wheelchair accessible seating; Amenities: Gender-neutral restroom, Mechanic, Restroom; Payments: Credit cards, Debit cards, NFC mobile payments; Parking: On-site parking","03041115718",247,4.2,31.567128699999998,74.430292,,"TRUE","Tuesday: 9 AM–8 PM, Wednesday: 9 AM–8 PM, Thursday: 9 AM–8 PM, Friday: 9 AM–8 PM, Saturday: 9 AM–8 PM, Sunday: Closed, Monday: 9 AM–8 PM",,,,,"Jalal Colony Harbanspura"
"ChIJTfsu-KIRGTkRQ91iozCSAL4","Waqas Auto Workshop","bari janazgha, Main, near Salamat Pura Road, Canal Bank Housing Scheme, Lahore, Pakistan","https://www.google.com/maps?cid=13691103604803558723","https://search.google.com/local/reviews?placeid=ChIJTfsu-KIRGTkRQ91iozCSAL4&q=auto+repair+shop+lahore&authuser=0&hl=en","bari janazgha, Main, near Salamat Pura Road","Auto repair shop",,"Amenities: Mechanic","03070431152",11,4.2,31.5781016,74.4139739,,"TRUE","Tuesday: 9 AM–9 PM, Wednesday: 9 AM–9 PM, Thursday: 9 AM–9 PM, Friday: 9 AM–9 PM, Saturday: 9 AM–9 PM, Sunday: 9 AM–9 PM, Monday: 9 AM–9 PM",,,,,"Godianwala Canal Bank Housing Scheme"
"ChIJP_8Wv_URGTkRI8vpJBjE2Vk","Al Aziz Car Restoration & Workshop","Public School, 97-A khuram block, taj chowk, near Lahore Cantt, Canal Bank Housing Scheme, Lahore, 54000, Pakistan","https://www.google.com/maps?cid=6474421547299359523","https://search.google.com/local/reviews?placeid=ChIJP_8Wv_URGTkRI8vpJBjE2Vk&q=auto+repair+shop+lahore&authuser=0&hl=en","Public School, 97-A khuram block, taj chowk, near Lahore Cantt","Mechanic",,"","03214619299",5,4.8,31.5731869,74.4142262,,"TRUE","Tuesday: Open 24 hours, Wednesday: Open 24 hours, Thursday: Open 24 hours, Friday: Open 24 hours, Saturday: Open 24 hours, Sunday: Open 24 hours, Monday: Open 24 hours",,,,,"Canal Bank Housing Scheme"
"ChIJVYgPzAYQGTkRAvBjWaKRvrg","Mehar Auto","HCG5+RQV, Unnamed Road, Shalimar Housing Scheme, Lahore, Pakistan","https://www.google.com/maps?cid=13312237675024216066","https://search.google.com/local/reviews?placeid=ChIJVYgPzAYQGTkRAvBjWaKRvrg&q=auto+repair+shop+lahore&authuser=0&hl=en","HCG5+RQV, Unnamed Road","Auto repair shop",,"Amenities: Mechanic","03004798886",44,4.7,31.577101799999998,74.4094204,,"FALSE","Tuesday: 9:30 AM–8 PM, Wednesday: 9:30 AM–8 PM, Thursday: 9:30 AM–8 PM, Friday: 9:30 AM–8 PM, Saturday: 9:30 AM–8 PM, Sunday: 10 AM–6 PM, Monday: 9:30 AM–8 PM",,,,,"Shalimar Housing Scheme"
"ChIJCzYqMg8QGTkRHZiKz1f-Qdo","Hamza Auto Workshop","Sue Wala Rd, Shalimar Housing Scheme Lahore, 54000, Pakistan","https://www.google.com/maps?cid=15727131026852059165","https://search.google.com/local/reviews?placeid=ChIJCzYqMg8QGTkRHZiKz1f-Qdo&q=auto+repair+shop+lahore&authuser=0&hl=en","Sue Wala Rd","Car repair and maintenance service",,"","03094604612",77,4.3,31.5845754,74.4118872,,"TRUE","Tuesday: 8 AM–10 PM, Wednesday: 8 AM–10 PM, Thursday: 8 AM–10 PM, Friday: 8 AM–10 PM, Saturday: 8 AM–10 PM, Sunday: 9 AM–10 PM, Monday: 8 AM–10 PM",,,,,"Shalimar Housing Scheme"
"ChIJ44ncCI0RGTkR8RBKfE_My74","S-F Auto key","HCGF+GG5, Harbanspura Rd, Harbanspura, Lahore, 54000, Pakistan","https://www.google.com/maps?cid=13748306929238282481","https://search.google.com/local/reviews?placeid=ChIJ44ncCI0RGTkR8RBKfE_My74&q=auto+repair+shop+lahore&authuser=0&hl=en","HCGF+GG5, Harbanspura Rd","Auto repair shop",,"Amenities: Mechanic; Planning: Appointment required","03228022858",1,5,31.576254499999997,74.4238479,,"FALSE","Tuesday: 10 AM–8 PM, Wednesday: 10 AM–8 PM, Thursday: 10 AM–8 PM, Friday: 10 AM–8 PM, Saturday: 10 AM–8 PM, Sunday: Closed, Monday: 10 AM–8 PM",,,,,"Harbanspura"
"ChIJASQEXQAPGTkRnev9MOCjuFw","Syed auto","HCCF+427, Canal Rd, Harbanspura, Lahore, Pakistan","https://www.google.com/maps?cid=6681270230494079901","https://search.google.com/local/reviews?placeid=ChIJASQEXQAPGTkRnev9MOCjuFw&q=auto+repair+shop+lahore&authuser=0&hl=en","HCCF+427, Canal Rd","Auto repair shop",,"Amenities: Mechanic","03210125555",7,4.9,31.570294299999997,74.4225355,,"FALSE","Tuesday: 9 AM–5 PM, Wednesday: 9 AM–5 PM, Thursday: 9 AM–5 PM, Friday: 9 AM–5 PM, Saturday: 9 AM–5 PM, Sunday: Closed, Monday: 9 AM–5 PM",,,,,"Harbanspura"
"ChIJH8AfIgAPGTkRxK7sEeh6Kqc","الحق آٹو سپیئر پارٹس","244 Jehangir Rd, Harbanspura, Lahore, 54000, Pakistan","https://www.google.com/maps?cid=12045575290507538116","https://search.google.com/local/reviews?placeid=ChIJH8AfIgAPGTkRxK7sEeh6Kqc&q=auto+repair+shop+lahore&authuser=0&hl=en","244 Jehangir Rd","Auto repair shop",,"Amenities: Mechanic",,1,5,31.5738643,74.42689949999999,,"FALSE","Tuesday: Open 24 hours, Wednesday: Open 24 hours, Thursday: Open 24 hours, Friday: Open 24 hours, Saturday: Open 24 hours, Sunday: Open 24 hours, Monday: Open 24 hours",,,,,"Harbanspura"
"ChIJbw52ljwRGTkRRzo2TLBKc9o","N M Auto Workshop","HCG7+9H7, Canal Rd, Fateh Garh Fatehgarh, Lahore, 54000, Pakistan","https://www.google.com/maps?cid=15741007243643337287","https://search.google.com/local/reviews?placeid=ChIJbw52ljwRGTkRRzo2TLBKc9o&q=auto+repair+shop+lahore&authuser=0&hl=en","HCG7+9H7, Canal Rd","Auto repair shop, Auto body shop",,"Amenities: Mechanic","03234738217",3,3,31.5759112,74.4139318,"http://24.51.193.37/","FALSE","Tuesday: 9 AM–9 PM, Wednesday: 9 AM–9 PM, Thursday: 9 AM–9 PM, Friday: 9 AM–9 PM, Saturday: 9 AM–9 PM, Sunday: Closed, Monday: 9 AM–9 PM",,,,,"Fateh Garh Fatehgarh"
"ChIJiwEAVP4EGTkReuK3qEeXYps","Modern Computerized Auto Workshop","Block N, 12-N Gurumangat Rd, near Ramada Hotel, Block N Gulberg 2, Lahore, Pakistan","https://www.google.com/maps?cid=11196677957625569914","https://search.google.com/local/reviews?placeid=ChIJiwEAVP4EGTkReuK3qEeXYps&q=auto+repair+shop+lahore&authuser=0&hl=en","Block N, 12-N Gurumangat Rd, near Ramada Hotel","Auto repair shop","Onsite services","Service options: Onsite services; Amenities: Mechanic, Restroom; Planning: Appointments recommended","04235755307",250,4.1,31.52318,74.35618,,"FALSE","Tuesday: 9 AM–7 PM, Wednesday: 9 AM–7 PM, Thursday: 9 AM–7 PM, Friday: 9 AM–7 PM, Saturday: 9 AM–7 PM, Sunday: Closed, Monday: 9 AM–7 PM",,,,,"Block N Gulberg 2"
"ChIJbTfxPJQFGTkRuByDK77aC4o","Jameel Auto Workshop","Mughalpura Road, Kumharpura, Lahore, 54840, Pakistan","https://www.google.com/maps?cid=9947284712286526648","https://search.google.com/local/reviews?placeid=ChIJbTfxPJQFGTkRuByDK77aC4o&q=auto+repair+shop+lahore&authuser=0&hl=en","Mughalpura Road","Car repair and maintenance service","Onsite services","Service options: Onsite services; Accessibility: Wheelchair accessible entrance, Wheelchair accessible parking lot","03224112081",122,4.8,31.5595064,74.3880259,,"TRUE","Tuesday: 9 AM–9 PM, Wednesday: 9 AM–9 PM, Thursday: 9 AM–9 PM, Friday: 9 AM–9 PM, Saturday: 9 AM–9 PM, Sunday: Closed, Monday: 9 AM–9 PM",,,,,"Kumharpura"
"ChIJEwTJHTcRGTkR4jb9z3g7P2Q","Khan Auto Wheel Alignment & Wheel balcing","Salamatpura Lahore, Pakistan","https://www.google.com/maps?cid=7223557717397157602","https://search.google.com/local/reviews?placeid=ChIJEwTJHTcRGTkR4jb9z3g7P2Q&q=auto+repair+shop+lahore&authuser=0&hl=en",,"Car inspection station",,"Amenities: Mechanic","03024330412",3,4.3,31.5812907,74.41805839999999,,"TRUE","Tuesday: 9 AM–8 PM, Wednesday: 9 AM–8 PM, Thursday: 9 AM–8 PM, Friday: 9 AM–8 PM, Saturday: 9 AM–8 PM, Sunday: 9 AM–2 PM, Monday: 9 AM–8 PM",,,,,"Salamatpura"
"ChIJTTJNjVgEGTkREC5-kqUvLII","Autoboyz Lahore","Gohava Rd, Khuda Buksh Colony Lahore, Pakistan","https://www.google.com/maps?cid=9379924512079752720","https://search.google.com/local/reviews?placeid=ChIJTTJNjVgEGTkREC5-kqUvLII&q=auto+repair+shop+lahore&authuser=0&hl=en","Gohava Rd","Auto repair shop","Onsite services","Service options: Onsite services; Accessibility: Wheelchair accessible entrance, Wheelchair accessible parking lot, Wheelchair accessible restroom; Offerings: Oil change; Amenities: Mechanic, Restroom; Payments: Credit cards, Debit cards, NFC mobile payments, Credit cards","03038083333",92,4.1,31.4953403,74.4217238,"http://www.autoboyz.biz/","TRUE","Tuesday: Open 24 hours, Wednesday: Open 24 hours, Thursday: Open 24 hours, Friday: Open 24 hours, Saturday: Open 24 hours, Sunday: Open 24 hours, Monday: Open 24 hours",,,,,"Khuda Buksh Colony"
"ChIJ2w2IZRURGTkRc_X1qlJsui8","Nasir car Workshop","HCG7+GJ8, Ibn-e-Saeed Rd, Salamatpura Canal Bank Housing Scheme, Lahore, Pakistan","https://www.google.com/maps?cid=3439180367762158963","https://search.google.com/local/reviews?placeid=ChIJ2w2IZRURGTkRc_X1qlJsui8&q=auto+repair+shop+lahore&authuser=0&hl=en","HCG7+GJ8, Ibn-e-Saeed Rd","Auto repair shop",,"Amenities: Mechanic",,1,5,31.576275499999998,74.4140863,,"FALSE","",,,,,"Salamatpura Canal Bank Housing Scheme"
"ChIJgQuJZwARGTkR8y7n_KJSqyY","bhatti kamani maker","shop 47, mor salamtpura, commercial market darogha wala, Salamatpura Lahore, Pakistan","https://www.google.com/maps?cid=2786411654439972595","https://search.google.com/local/reviews?placeid=ChIJgQuJZwARGTkR8y7n_KJSqyY&q=auto+repair+shop+lahore&authuser=0&hl=en","shop 47, mor salamtpura, commercial market darogha wala","Auto repair shop",,"Amenities: Mechanic","03004205467",1,5,31.581758899999997,74.415922,,"FALSE","Tuesday: 8:59 AM–8 PM, Wednesday: 8:59 AM–8 PM, Thursday: 8:59 AM–8 PM, Friday: 8:59 AM–8 PM, Saturday: 8:59 AM–8 PM, Sunday: Closed, Monday: 8:59 AM–8 PM",,,,,"Salamatpura"
"ChIJCaJHoxkPGTkRnzYad_Vhupg","Lahore Best Auto Workshop","13 B, St 06b Walton Rd, Cantt, Lahore, 54000, Pakistan","https://www.google.com/maps?cid=11005216346326316703","https://search.google.com/local/reviews?placeid=ChIJCaJHoxkPGTkRnzYad_Vhupg&q=auto+repair+shop+lahore&authuser=0&hl=en","13 B, St 06b Walton Rd","Auto repair shop, Auto air conditioning service, Auto electrical service, Brake shop, Engine rebuilding service, Oil change service",,"Offerings: Oil change; Amenities: Mechanic","03004544443",13,4.6,31.493143999999997,74.3871036,,"TRUE","Tuesday: Open 24 hours, Wednesday: Open 24 hours, Thursday: Open 24 hours, Friday: Open 24 hours, Saturday: Open 24 hours, Sunday: Open 24 hours, Monday: Open 24 hours",,,,,"Cantt"
"ChIJ-9UAVe8PGTkRk8nQl-dY-5Q","Auto Force PK | Auto Repair & Tyres Shop","Service Road, Main Ring Road, Tibba, Lahore, 54000, Pakistan","https://www.google.com/maps?cid=10735271888475441555","https://search.google.com/local/reviews?placeid=ChIJ-9UAVe8PGTkRk8nQl-dY-5Q&q=auto+repair+shop+lahore&authuser=0&hl=en","Service Road, Main Ring Road","Auto repair shop, Auto bodywork mechanic, Auto dent removal service, Car repair and maintenance service, Car wash, Mechanic","Onsite services","Service options: Onsite services; Amenities: Mechanic","03281011110",21,5,31.4964986,74.4280064,"https://autoforcepk.com/","TRUE","Tuesday: 9 AM–7 PM, Wednesday: 9 AM–7 PM, Thursday: 9 AM–7 PM, Friday: 9 AM–7 PM, Saturday: 9 AM–7 PM, Sunday: Closed, Monday: 9 AM–7 PM",,,,,"Tibba"
"ChIJ6VQLidIPGTkRzVWrfKxLRsI","Sharjah Rent A Car & Oil Change Auto Parts","Canal Rd, Near Harbanspura, Lahore, 54000, Pakistan","https://www.google.com/maps?cid=13998959695925827021","https://search.google.com/local/reviews?placeid=ChIJ6VQLidIPGTkRzVWrfKxLRsI&q=auto+repair+shop+lahore&authuser=0&hl=en","Canal Rd","Auto machine shop",,"Amenities: Mechanic","03004701721",71,4.4,31.571501599999998,74.4288559,,"TRUE","Tuesday: 7 AM–10 PM, Wednesday: 7 AM–10 PM, Thursday: 7 AM–10 PM, Friday: 7 AM–10 PM, Saturday: 7 AM–10 PM, Sunday: 7 AM–10 PM, Monday: 7 AM–10 PM",,,,,"Near Harbanspura"
"ChIJyw5uW9URGTkR3QjQfMPHnbI","Sufi Auto Yamaha QCS Center","Salamat Pura Rd, Zaitoon Colony, Lahore, Pakistan","https://www.google.com/maps?cid=12870662952521304285","https://search.google.com/local/reviews?placeid=ChIJyw5uW9URGTkR3QjQfMPHnbI&q=auto+repair+shop+lahore&authuser=0&hl=en","Salamat Pura Rd","Motorcycle repair shop","Onsite services","Service options: Onsite services; Accessibility: Wheelchair accessible entrance, Wheelchair accessible restroom; Amenities: Mechanic, Restroom; Payments: Cash-only","03024188419",123,4.7,31.5842659,74.40653379999999,,"TRUE","Tuesday: 9 AM–8 PM, Wednesday: 9 AM–8 PM, Thursday: 9 AM–8 PM, Friday: 9 AM–8 PM, Saturday: 9 AM–8 PM, Sunday: 9 AM–1 PM, Monday: 9 AM–8 PM",,,,,"Zaitoon Colony"
"ChIJx-OTQBwQGTkRuHZLsRfNL_0","Mughal Autos","HCGC+MMG, Harbanspura, Lahore, Pakistan","https://www.google.com/maps?cid=18244026117143623352","https://search.google.com/local/reviews?placeid=ChIJx-OTQBwQGTkRuHZLsRfNL_0&q=auto+repair+shop+lahore&authuser=0&hl=en","HCGC+MMG","Motorcycle repair shop",,"Amenities: Mechanic",,7,4.6,31.5766794,74.4217153,,"FALSE","",,,,,"Harbanspura"
"ChIJqQi5yE4bGTkRY0AKHZ38Gqw","Ahmed Auto Engineering Works","Abdul Karim Rd, Qila Gujjar Singh, Lahore, 54000, Pakistan","https://www.google.com/maps?cid=12401502275645358179","https://search.google.com/local/reviews?placeid=ChIJqQi5yE4bGTkRY0AKHZ38Gqw&q=auto+repair+shop+lahore&authuser=0&hl=en","Abdul Karim Rd","Auto repair shop, Auto spring shop","Onsite services","Service options: Onsite services; Amenities: Mechanic; Planning: Appointment required","03234519184",212,4.9,31.568254699999997,74.3288283,,"TRUE","Tuesday: 10:30 AM–8 PM, Wednesday: 10:30 AM–8 PM, Thursday: 10:30 AM–8 PM, Friday: 10:30 AM–8 PM, Saturday: 10:30 AM–8 PM, Sunday: Closed, Monday: 10:30 AM–8 PM",,,,,"Qila Gujjar Singh"
"ChIJGYnP65ABGTkRj94UD4UkxZ4","Auto Mech Workshop","Plot 570 Block Q, Phase 2 Johar Town, Lahore, Pakistan","https://www.google.com/maps?cid=11440590582306889359","https://search.google.com/local/reviews?placeid=ChIJGYnP65ABGTkRj94UD4UkxZ4&q=auto+repair+shop+lahore&authuser=0&hl=en","Plot 570 Block Q","Car repair and maintenance service, Auto dent removal service, Auto machine shop, Auto spring shop, Auto tune up service, Engine rebuilding service, Machine workshop, Oil change service, Vehicle inspection service, Wheel alignment service","Onsite services","Service options: Onsite services; Accessibility: Wheelchair accessible entrance; Offerings: Oil change","03004292156",115,4.8,31.460707499999998,74.271873,"http://automechbro.com/","TRUE","Tuesday: 9:30 AM–8 PM, Wednesday: 9:30 AM–8 PM, Thursday: 9:30 AM–8 PM, Friday: Closed, Saturday: 9:30 AM–8 PM, Sunday: 9:30 AM–8 PM, Monday: 9:30 AM–8 PM",,,,,"Block Q Phase 2 Johar Town"
"ChIJafZ-RwAPGTkRPbkspGUWNgs","Pak two wheels Auto work shop","244 Jehangir Rd, Harbanspura, Lahore, 54000, Pakistan","https://www.google.com/maps?cid=807857808961485117",,"244 Jehangir Rd","Motorcycle repair shop",,"Amenities: Mechanic",,,,31.573349399999998,74.42679,,"FALSE","",,,,,"Harbanspura"
"ChIJ3WbTivQPGTkRenL1d4ZkvnE","HERO AUTO SERVICE","New Canal Park Phase1 Tajbagh Scheme, Sami Town Harbanspura, Lahore, Pakistan","https://www.google.com/maps?cid=8196098900561851002",,"New Canal Park Phase1 Tajbagh Scheme","Motorcycle repair shop",,"Amenities: Mechanic",,,,31.5671975,74.41673329999999,,"FALSE","Tuesday: 11 AM–10 PM, Wednesday: 11 AM–10 PM, Thursday: 11 AM–10 PM, Friday: 11 AM–10 PM, Saturday: 11 AM–10 PM, Sunday: Closed, Monday: 11 AM–10 PM",,,,,"Sami Town Harbanspura"
"ChIJC_cyWW8RGTkRVOItCXAZkF8","Zahid Auto","HFWG+596, Fahad Town Lahore, Pakistan","https://www.google.com/maps?cid=6886031799230521940","https://search.google.com/local/reviews?placeid=ChIJC_cyWW8RGTkRVOItCXAZkF8&q=auto+repair+shop+lahore&authuser=0&hl=en","HFWG+596","Auto repair shop",,"Accessibility: Wheelchair accessible entrance, Wheelchair accessible parking lot; Amenities: Mechanic","03218436323",21,4.7,31.595422099999997,74.47589649999999,,"FALSE","Tuesday: 8 AM–8 PM, Wednesday: 8 AM–8 PM, Thursday: 8 AM–8 PM, Friday: 8 AM–8 PM, Saturday: 8 AM–8 PM, Sunday: Closed, Monday: 8 AM–8 PM",,,,,"Fahad Town"
"ChIJ7csqbwAPGTkRFfYwfDkbnkI","I.S auto repair workshop","GCGW+GQ5 attock petrol pump, main Barki Rd, Gate #1, Paragon City, Lahore, 54000, Pakistan","https://www.google.com/maps?cid=4800304186534196757","https://search.google.com/local/reviews?placeid=ChIJ7csqbwAPGTkRFfYwfDkbnkI&q=auto+repair+shop+lahore&authuser=0&hl=en","GCGW+GQ5 attock petrol pump, main Barki Rd, Gate #1","Auto repair shop",,"Amenities: Mechanic","03164819350",1,5,31.5262544,74.4469846,,"FALSE","Tuesday: 9:30 AM–9 PM, Wednesday: 9:30 AM–9 PM, Thursday: 9:30 AM–9 PM, Friday: 9:30 AM–9 PM, Saturday: 9:30 AM–9 PM, Sunday: 9:30 AM–9 PM, Monday: 9:30 AM–9 PM",,,,,"Paragon City"
"ChIJPRTSjtMFGTkRLdO1-Tbs37E","Umer Autos | Auto Repair Shop | Car Repair","Boys Scout Stop, Walton Rd, Pir Colony, Lahore, Pakistan","https://www.google.com/maps?cid=12817222785381552941","https://search.google.com/local/reviews?placeid=ChIJPRTSjtMFGTkRLdO1-Tbs37E&q=auto+repair+shop+lahore&authuser=0&hl=en","Boys Scout Stop, Walton Rd","Car repair and maintenance service","Onsite services","Service options: Onsite services; Accessibility: Wheelchair accessible entrance, Wheelchair accessible parking lot, Wheelchair accessible restroom, Wheelchair accessible seating; Payments: Credit cards, Debit cards, NFC mobile payments, Credit cards","03004287583",124,4.7,31.482277999999997,74.36267269999999,"http://umerauto.com/","TRUE","Tuesday: 9 AM–9 PM, Wednesday: 9 AM–9 PM, Thursday: 9 AM–9 PM, Friday: 9 AM–9 PM, Saturday: 9 AM–9 PM, Sunday: Closed, Monday: 9 AM–9 PM",,,,,"Pir Colony"
"ChIJTzxePwARGTkR8U9HS07oZZ8","Sultan sons","HCGG+CFM, Harbanspura, Lahore, Pakistan","https://www.google.com/maps?cid=11485841847646375921",,"HCGG+CFM","Auto repair shop",,"Amenities: Mechanic",,,,31.576079,74.42618209999999,,"FALSE","",,,,,"Harbanspura"
"ChIJ-0WuPaMRGTkR61FJYm3Q1rQ","Ehsan Honda service","HCG7+QMC, Godianwala Salamatpura, Lahore, Pakistan","https://www.google.com/maps?cid=13030831740062093803","https://search.google.com/local/reviews?placeid=ChIJ-0WuPaMRGTkR61FJYm3Q1rQ&q=auto+repair+shop+lahore&authuser=0&hl=en","HCG7+QMC","Motorcycle repair shop, Mechanic",,"Amenities: Mechanic","03204144609",8,4.8,31.5769481,74.4141465,,"FALSE","Tuesday: 9 AM–10 PM, Wednesday: 9 AM–10 PM, Thursday: 9 AM–10 PM, Friday: Closed, Saturday: 9 AM–10 PM, Sunday: 9 AM–10 PM, Monday: 9 AM–10 PM",,,,,"Godianwala Salamatpura"
"ChIJY56JcwAFGTkRqWSzW1kvbX0","Saleem Bhatti Mechanic Auto Workshop (Car Repair, Oil Change, General Tuning)","Street 5 Academy Road, Qasim Pura Qasimpura, Lahore, Pakistan","https://www.google.com/maps?cid=9037932088039531689","https://search.google.com/local/reviews?placeid=ChIJY56JcwAFGTkRqWSzW1kvbX0&q=auto+repair+shop+lahore&authuser=0&hl=en","Street 5 Academy Road","Auto repair shop",,"Amenities: Mechanic","03004363753",8,4.5,31.509937299999997,74.35974639999999,,"TRUE","Tuesday: Open 24 hours, Wednesday: Open 24 hours, Thursday: Open 24 hours, Friday: Open 24 hours, Saturday: Open 24 hours, Sunday: Open 24 hours, Monday: Open 24 hours",,,,,"Qasim Pura Qasimpura"
"ChIJPWterA4PGTkRFSWCIPxs3L8","The Auto Garage TAG","Plot No. 1164, 8 Service Main Ring Road, next to Netsol Avenue, Phase DHA, Lahore, 54000, Pakistan","https://www.google.com/maps?cid=13825044786253538581","https://search.google.com/local/reviews?placeid=ChIJPWterA4PGTkRFSWCIPxs3L8&q=auto+repair+shop+lahore&authuser=0&hl=en","Plot No. 1164, 8 Service Main Ring Road, next to Netsol Avenue","Auto repair shop, Auto body shop, Auto machine shop, Auto painting, Auto parts market, Auto restoration service, Auto tune up service, Car repair and maintenance service, Car wash, Vehicle inspection service",,"Accessibility: Assistive hearing loop, Wheelchair accessible entrance, Wheelchair accessible parking lot, Wheelchair accessible seating, Wheelchair accessible restroom; Amenities: Mechanic, Restroom; Planning: Appointments recommended","03247673535",45,4.4,31.494263999999998,74.42886399999999,,"TRUE","Tuesday: 10 AM–9 PM, Wednesday: 10 AM–9 PM, Thursday: 10 AM–9 PM, Friday: 10 AM–9 PM, Saturday: 10 AM–9 PM, Sunday: 10 AM–5 PM, Monday: 10 AM–9 PM",,,,,"Phase DHA"
"ChIJBZTOCfMbGTkRc7GnsV0sPVs","Ahsan Autos احسن آٹوز","Khudadad St, near PSO Petrol Pump, Pakistan Mint Colony, Lahore, 54920, Pakistan","https://www.google.com/maps?cid=6574459811954930035","https://search.google.com/local/reviews?placeid=ChIJBZTOCfMbGTkRc7GnsV0sPVs&q=auto+repair+shop+lahore&authuser=0&hl=en","Khudadad St, near PSO Petrol Pump","Mechanic",,"","03004263324",17,4.5,31.586633,74.3920644,,"FALSE","Tuesday: 8 AM–7 PM, Wednesday: 8 AM–7 PM, Thursday: 8 AM–7 PM, Friday: 8 AM–7 PM, Saturday: 8 AM–7 PM, Sunday: Closed, Monday: 8 AM–7 PM",,,,,"Pakistan Mint Colony"
"ChIJHdPJHQAbGTkRKsZi2SLEv-k","Subhan scooty service center","house no 416 Shalimar housing scheem, Street 6, N Shalimar Housing Scheme, Lahore, 54000, Pakistan","https://www.google.com/maps?cid=16843396785344005674","https://search.google.com/local/reviews?placeid=ChIJHdPJHQAbGTkRKsZi2SLEv-k&q=auto+repair+shop+lahore&authuser=0&hl=en","house no 416 Shalimar housing scheem, Street 6","Repair service, Motorcycle repair shop",,"","03710770950",8,5,31.580891599999998,74.4121648,,"TRUE","Tuesday: Open 24 hours, Wednesday: Open 24 hours, Thursday: Open 24 hours, Friday: Open 24 hours, Saturday: Open 24 hours, Sunday: Open 24 hours, Monday: Open 24 hours",,,,,"N Shalimar Housing Scheme"
"ChIJ0ffyYwARGTkRxDVYRPKc4zA","MA autos Road prince qlam center","HCJP+26F, Lahore Ring Rd, Kotli Ghazi, Lahore, Pakistan","https://www.google.com/maps?cid=3522831897876510148",,"HCJP+26F, Lahore Ring Rd","Motorcycle repair shop",,"Amenities: Mechanic","03214875073",,,31.5800715,74.4355511,,"FALSE","Tuesday: Open 24 hours, Wednesday: Open 24 hours, Thursday: Open 24 hours, Friday: Closed, Saturday: Open 24 hours, Sunday: Open 24 hours, Monday: Open 24 hours",,,,,"Kotli Ghazi"
"ChIJX63dc1cPGTkRVJAgjTuWrCE","Karachi motor work shop","HCFJ+74G, Afzal Park Rd, Harbanspura, Lahore, Pakistan","https://www.google.com/maps?cid=2426479481760813140","https://search.google.com/local/reviews?placeid=ChIJX63dc1cPGTkRVJAgjTuWrCE&q=auto+repair+shop+lahore&authuser=0&hl=en","HCFJ+74G, Afzal Park Rd","Auto repair shop",,"Amenities: Mechanic","03254203955",3,4.3,31.573187599999997,74.4303256,,"FALSE","",,,,,"Harbanspura"
"ChIJc5n5qLoJGTkRBokCuPs_ZU4","Murshid auto workshop","Lahore medical Dental College, Royal Garden, Lahore, Pakistan","https://www.google.com/maps?cid=5648991657962670342","https://search.google.com/local/reviews?placeid=ChIJc5n5qLoJGTkRBokCuPs_ZU4&q=auto+repair+shop+lahore&authuser=0&hl=en","Lahore medical Dental College","Auto repair shop",,"Amenities: Mechanic","03061448231",5,4.4,31.5780787,74.46219119999999,,"TRUE","Tuesday: 9 AM–8 PM, Wednesday: 9 AM–12 AM, Thursday: 8 AM–8 PM, Friday: 9 AM–8 PM, Saturday: 9 AM–8 PM, Sunday: 9 AM–8 PM, Monday: 9 AM–8 PM",,,,,"Royal Garden"
"ChIJvenyUwARGTkR2CZuQjJ1uCQ","Al Rehman cool center","HCP8+4G3, Rajba Rd, Salamatpura, Lahore, Pakistan","https://www.google.com/maps?cid=2645993639803496152",,"HCP8+4G3, Rajba Rd","Auto repair shop",,"Amenities: Mechanic",,,,31.5852704,74.416287,,"FALSE","",,,,,"Salamatpura"
"ChIJcyQgCgAbGTkRRI2208XipkM","SHAH AUTO WORKSHOP MECHANIC AND DENTER","H8XR+F34, Shad Bagh, Lahore, Pakistan","https://www.google.com/maps?cid=4874832985963531588",,"H8XR+F34","Auto repair shop",,"Amenities: Mechanic","03224756070",,,31.5987469,74.34035949999999,,"FALSE","Tuesday: 10 AM–9 PM, Wednesday: 10 AM–9 PM, Thursday: 10 AM–9 PM, Friday: 10 AM–9 PM, Saturday: 10 AM–9 PM, Sunday: Closed, Monday: 10 AM–9 PM",,,,,"Shad Bagh"
"ChIJyakPXY0FGTkRTe49bjUzUNQ","Shahid Auto Workshop","GCV2+9MW, Bahar Shah Rd, Al-Faisal Town, Lahore, Pakistan","https://www.google.com/maps?cid=15298784238753410637","https://search.google.com/local/reviews?placeid=ChIJyakPXY0FGTkRTe49bjUzUNQ&q=auto+repair+shop+lahore&authuser=0&hl=en","GCV2+9MW, Bahar Shah Rd","Auto repair shop",,"Amenities: Mechanic","03014134300",8,4.5,31.543478999999998,74.401709,,"FALSE","Tuesday: 9 AM–12:01 AM, Wednesday: 9 AM–12:01 AM, Thursday: 9 AM–12:01 AM, Friday: 9 AM–12:01 AM, Saturday: 9 AM–12:01 AM, Sunday: Closed, Monday: 9 AM–12:01 AM",,,,,"Al-Faisal Town"
"ChIJrybBO74FGTkR8EA5DXF59OY","Autogarage.pk (Car Tuning & Mechanical Services)","RA bazar Bus Stand Shop 5A, Cantt, 54000, Pakistan","https://www.google.com/maps?cid=16642060049500946672","https://search.google.com/local/reviews?placeid=ChIJrybBO74FGTkR8EA5DXF59OY&q=auto+repair+shop+lahore&authuser=0&hl=en","RA bazar Bus Stand Shop 5A","Car repair and maintenance service, Auto bodywork mechanic, Auto parts store, Auto wrecker, Mechanic","Onsite services","Service options: Onsite services; Accessibility: Wheelchair accessible entrance, Wheelchair accessible parking lot; Offerings: Oil change","03086831122",6,4.3,31.5057327,74.3851353,"https://autogarage.pk/","TRUE","Tuesday: 10 AM–10 PM, Wednesday: 10 AM–10 PM, Thursday: 10 AM–10 PM, Friday: 10 AM–10 PM, Saturday: 10 AM–10 PM, Sunday: 10 AM–8 PM, Monday: 10 AM–10 PM",,,,,"Cantt"
"ChIJ-c22nYUFGTkRBpipDHi8Rrk","Pakistan Auto Electronics (hybrid car specialist)","G9WH+F7J, Dhaka Rd, Saddar Town, Lahore, Pakistan","https://www.google.com/maps?cid=13350565369180952582","https://search.google.com/local/reviews?placeid=ChIJ-c22nYUFGTkRBpipDHi8Rrk&q=auto+repair+shop+lahore&authuser=0&hl=en","G9WH+F7J, Dhaka Rd","Auto repair shop",,"Amenities: Mechanic","03044226268",3,4.7,31.546154299999998,74.3781418,,"FALSE","Tuesday: 10 AM–12 AM, Wednesday: 10 AM–12 AM, Thursday: 10 AM–12 AM, Friday: 10 AM–12 AM, Saturday: 10 AM–12 AM, Sunday: Closed, Monday: 10 AM–12 AM",,,,,"Saddar Town"
"ChIJp86ncT8FGTkRuTQTfo5Ar9k","GEARHEAD GARAGES PK","Shop 2 Bahar Shah Rd, Al-Faisal Town, Lahore, 54000, Pakistan","https://www.google.com/maps?cid=15685827007899448505","https://search.google.com/local/reviews?placeid=ChIJp86ncT8FGTkRuTQTfo5Ar9k&q=auto+repair+shop+lahore&authuser=0&hl=en","Shop 2 Bahar Shah Rd","Auto repair shop","Onsite services","Service options: Onsite services; Accessibility: Wheelchair accessible entrance, Wheelchair accessible parking lot; Offerings: Oil change; Amenities: Mechanic, Restroom; Planning: Appointments recommended; Payments: NFC mobile payments; Parking: On-site parking","03356349227",45,4.6,31.5433195,74.40105319999999,"https://instagram.com/gearheadgarages.pk?igshid=YmMyMTA2M2Y=","TRUE","Tuesday: 11 AM–8 PM, Wednesday: 11 AM–8 PM, Thursday: 11 AM–8 PM, Friday: 11 AM–8 PM, Saturday: 11 AM–8 PM, Sunday: Closed, Monday: 11 AM–8 PM",,,,,"Al-Faisal Town"
"ChIJHWpxKVQRGTkRwsAHzHyZNCU","Javed auto","HCQF+GH8, Service Rd, Wara Sittar, Lahore, Pakistan","https://www.google.com/maps?cid=2680936439470342338",,"HCQF+GH8, Service Rd","Auto repair shop",,"Amenities: Mechanic","03224477611",,,31.588783399999997,74.4238153,,"FALSE","",,,,,"Wara Sittar"
"ChIJYWMDQDMFGTkR4DvIbT7ja_E","Hashim Auto Workshop","Ansari Plaza Ansari plaza, Dhaka Rd, Saddar Town, Lahore, Pakistan","https://www.google.com/maps?cid=17396247842917989344","https://search.google.com/local/reviews?placeid=ChIJYWMDQDMFGTkR4DvIbT7ja_E&q=auto+repair+shop+lahore&authuser=0&hl=en","Ansari Plaza Ansari plaza, Dhaka Rd","Auto repair shop",,"Amenities: Mechanic","03224743911",1,5,31.546153099999998,74.3780867,,"TRUE","Tuesday: 11 AM–7 PM, Wednesday: 11 AM–7 PM, Thursday: 11 AM–7 PM, Friday: 12–7 PM, Saturday: 11 AM–7 PM, Sunday: Closed, Monday: 11 AM–7 PM",,,,,"Saddar Town"
"ChIJwZ2CMxMFGTkRQ31KA1fVVAw","24/7 Auto Workshop Mechanic & Oil Change","Kalma Chowk, 228 Main Lahore – Kasur Rd, St Mary Colony, Lahore, Pakistan","https://www.google.com/maps?cid=888569596192914755","https://search.google.com/local/reviews?placeid=ChIJwZ2CMxMFGTkRQ31KA1fVVAw&q=auto+repair+shop+lahore&authuser=0&hl=en","Kalma Chowk, 228 Main Lahore – Kasur Rd","Auto repair shop, Car wash, Oil change service",,"Offerings: Oil change; Amenities: Mechanic; Payments: Cash-only","03241220777",28,4.5,31.5068754,74.3309329,"https://web.facebook.com/tail.badli/","TRUE","Tuesday: Open 24 hours, Wednesday: Open 24 hours, Thursday: Open 24 hours, Friday: Open 24 hours, Saturday: Open 24 hours, Sunday: Open 24 hours, Monday: Open 24 hours",,,,,"Saint Mary Colony"
"ChIJIUibW-FK444R6nVlcXWYbiI","Moto Helpers - 24/7 Car Mechanic & Oil Change at Home",,"https://www.google.com/maps?cid=2481088074908792298","https://search.google.com/local/reviews?placeid=ChIJIUibW-FK444R6nVlcXWYbiI&q=auto+repair+shop+lahore&authuser=0&hl=en",,"Car repair and maintenance service, Auto air conditioning service, Auto electrical service, Auto restoration service, Auto tune up service, Service establishment, Mechanic, Oil change service, Repair service, Towing service, Vehicle inspection service",,"Offerings: Oil change","03020324444",103,4.9,31.4764102,74.28004469999999,"https://motohelpers.com/","TRUE","Tuesday: Open 24 hours, Wednesday: Open 24 hours, Thursday: Open 24 hours, Friday: Open 24 hours, Saturday: Open 24 hours, Sunday: Open 24 hours, Monday: Open 24 hours",,,,,
"ChIJSVta-5IPGTkReBi5dWyEYsI","S.S Auto Workshop","FCR8+99Q, Ghazi Rd, Khuda Buksh Colony KB Society, Lahore, Pakistan","https://www.google.com/maps?cid=14006903392442062968","https://search.google.com/local/reviews?placeid=ChIJSVta-5IPGTkReBi5dWyEYsI&q=auto+repair+shop+lahore&authuser=0&hl=en","FCR8+99Q, Ghazi Rd","Mechanic",,"","03004607651",15,4.9,31.4909634,74.4159803,,"FALSE","Tuesday: 9 AM–10 PM, Wednesday: 9 AM–10 PM, Thursday: 9 AM–10 PM, Friday: 9 AM–10 PM, Saturday: 9 AM–10 PM, Sunday: Closed, Monday: 9 AM–10 PM",,,,,"Khuda Buksh Colony KB Society"
"ChIJTWcO9VMDGTkRd4LrYmpoOcY","Abid Autos Workshop - Chauburji Chowk, Lahore","Shop # 50, Chuburji Super Market, Chauburji Chowk, behind Surrayya Azeem Hospital, Mozang Chungi, Lahore, 54000, Pakistan","https://www.google.com/maps?cid=14283562499317662327","https://search.google.com/local/reviews?placeid=ChIJTWcO9VMDGTkRd4LrYmpoOcY&q=auto+repair+shop+lahore&authuser=0&hl=en","Shop # 50, Chuburji Super Market, Chauburji Chowk, behind Surrayya Azeem Hospital","Car repair and maintenance service, Auto air conditioning service, Auto electrical service, Auto parts store, Auto restoration service","Onsite services","Service options: Onsite services; Accessibility: Wheelchair accessible entrance, Assistive hearing loop, Wheelchair accessible restroom, Wheelchair accessible seating; Amenities: Gender-neutral restroom; Payments: Credit cards, NFC mobile payments","03201149460",79,4.2,31.5539943,74.30589859999999,"https://muhammad-abdullah.businessbay.tech/","TRUE","Tuesday: 9 AM–9 PM, Wednesday: 9 AM–9 PM, Thursday: 9 AM–9 PM, Friday: 9 AM–9 PM, Saturday: Open 24 hours, Sunday: 9 AM–9 PM, Monday: 9 AM–9 PM",,,,,"Mozang Chungi"
"ChIJYXxhUgkQGTkRC6_S2unDAGQ","Al-Sami honda center","HCQ6+2G3, Zaitoon Colony, Lahore, 54920, Pakistan","https://www.google.com/maps?cid=7205974812958830347","https://search.google.com/local/reviews?placeid=ChIJYXxhUgkQGTkRC6_S2unDAGQ&q=auto+repair+shop+lahore&authuser=0&hl=en","HCQ6+2G3","Motorcycle repair shop",,"Amenities: Mechanic","03009421719",15,4.4,31.5875129,74.4112888,,"FALSE","Tuesday: 9 AM–9 PM, Wednesday: 9 AM–9 PM, Thursday: 9 AM–9 PM, Friday: 9 AM–9 PM, Saturday: 9 AM–9 PM, Sunday: 9 AM–3 AM, Monday: 9 AM–9 PM",,,,,"Zaitoon Colony"
"ChIJJzqRevsbGTkRPAyY_6dxffI","Punjab Auto's Engineering Workshop (All Car's Suspension Repairing Specialist)","WorkShop # 26 Main GT.Road, UET) Gate# 2, opposite University of Engineering and Technology, Singhpura, Lahore, Pakistan","https://www.google.com/maps?cid=17473247095629024316",,"WorkShop # 26 Main GT.Road, UET) Gate# 2, opposite University of Engineering and Technology","Auto bodywork mechanic",,"","03230117326",,,31.575971499999998,74.35371839999999,,"TRUE","Tuesday: 10 AM–10 PM, Wednesday: 10 AM–10 PM, Thursday: 10 AM–10 PM, Friday: 10 AM–10 PM, Saturday: 10 AM–10 PM, Sunday: 10 AM–10 PM, Monday: 10 AM–10 PM",,,,,"Singhpura"
"ChIJVSdJoXQFGTkR-OfrVYl6RlM","Mk Madina auto workshop 24/7","Daewoo bus stop, Kalma Chowk, St Mary Colony, Lahore, 54000, Pakistan","https://www.google.com/maps?cid=6000618283788396536","https://search.google.com/local/reviews?placeid=ChIJVSdJoXQFGTkR-OfrVYl6RlM&q=auto+repair+shop+lahore&authuser=0&hl=en","Daewoo bus stop, Kalma Chowk","Auto bodywork mechanic",,"","03431048780",11,4.6,31.5072293,74.33068879999999,,"TRUE","Tuesday: Open 24 hours, Wednesday: Open 24 hours, Thursday: Open 24 hours, Friday: Open 24 hours, Saturday: Open 24 hours, Sunday: Open 24 hours, Monday: Open 24 hours",,,,,"Saint Mary Colony"
"ChIJsa9O0fQPGTkRLejzCq-McIA","Bismillah Auto Workshop and Mehr Auto Spare Parts","Baouwala Stop, Main Barki Rd, Baoo Wala Block J Park View CHS, Lahore, 57400, Pakistan","https://www.google.com/maps?cid=9255051917677291565","https://search.google.com/local/reviews?placeid=ChIJsa9O0fQPGTkRLejzCq-McIA&q=auto+repair+shop+lahore&authuser=0&hl=en","Baouwala Stop, Main Barki Rd","Mechanic",,"","03004090594",16,4.6,31.5323185,74.4381324,,"FALSE","Tuesday: Open 24 hours, Wednesday: Open 24 hours, Thursday: Open 24 hours, Friday: Open 24 hours, Saturday: Open 24 hours, Sunday: Open 24 hours, Monday: Open 24 hours",,,,,"Baoo Wala Block J Park View CHS"
"ChIJCbhFArMFGTkRQ4DVLZmo5Sw","Madina Lahore Autos Technician","Bahawalpur Rd, Saadi Park Mozang Chungi, Lahore, 54000, Pakistan","https://www.google.com/maps?cid=3235177283187998787","https://search.google.com/local/reviews?placeid=ChIJCbhFArMFGTkRQ4DVLZmo5Sw&q=auto+repair+shop+lahore&authuser=0&hl=en","Bahawalpur Rd","Auto repair shop","Onsite services","Service options: Onsite services; Amenities: Mechanic; Planning: Appointment required","03214997979",13,5,31.550106099999997,74.3118537,,"TRUE","Tuesday: 9 AM–7 PM, Wednesday: 9 AM–7 PM, Thursday: 9 AM–7 PM, Friday: 9 AM–7 PM, Saturday: 9 AM–7 PM, Sunday: Closed, Monday: 9 AM–7 PM",,,,,"Saadi Park Mozang Chungi"
"ChIJRS29HQADGTkR52n9TGF3XOM","Bismillah Auto Workshop","FLAT 124G N, Block N Model Town, Lahore, Pakistan","https://www.google.com/maps?cid=16383100804254231015","https://search.google.com/local/reviews?placeid=ChIJRS29HQADGTkR52n9TGF3XOM&q=auto+repair+shop+lahore&authuser=0&hl=en","FLAT 124G N","Car repair and maintenance service","Onsite services","Service options: Onsite services","03124770044",352,5,31.4772763,74.3089519,,"TRUE","Tuesday: Open 24 hours, Wednesday: Open 24 hours, Thursday: Open 24 hours, Friday: Open 24 hours, Saturday: Open 24 hours, Sunday: Open 24 hours, Monday: Open 24 hours",,,,,"Block N Model Town"
"ChIJcfgnkJwBGTkRc-1XsK0azCo","Expert Auto Zone - Auto Repairing Workshop","Shadiwal Road, Johar Block R 3 Phase 2 town, Lahore, Pakistan","https://www.google.com/maps?cid=3083869178132163955","https://search.google.com/local/reviews?placeid=ChIJcfgnkJwBGTkRc-1XsK0azCo&q=auto+repair+shop+lahore&authuser=0&hl=en","Shadiwal Road","Auto repair shop","Onsite services","Service options: Onsite services; Accessibility: Wheelchair accessible entrance, Wheelchair accessible parking lot; Offerings: Oil change; Amenities: Mechanic; Payments: Credit cards, Credit cards","03473443397",104,4.2,31.448570399999998,74.2760732,,"TRUE","Tuesday: Open 24 hours, Wednesday: Open 24 hours, Thursday: Open 24 hours, Friday: Open 24 hours, Saturday: Open 24 hours, Sunday: Open 24 hours, Monday: Open 24 hours",,,,,"Johar Block R 3 Phase 2 town"
"ChIJ8fQ_ZwARGTkRDY-FDILx5GI","Shehbaz lock master","HCGG+CFM, Harbanspura, Lahore, Pakistan","https://www.google.com/maps?cid=7126086051265089293","https://search.google.com/local/reviews?placeid=ChIJ8fQ_ZwARGTkRDY-FDILx5GI&q=auto+repair+shop+lahore&authuser=0&hl=en","HCGG+CFM","Motorcycle repair shop",,"Amenities: Mechanic",,1,1,31.576079,74.42618209999999,,"FALSE","Tuesday: 8 AM–8:30 PM, Wednesday: 8 AM–8:30 PM, Thursday: 8 AM–8:30 PM, Friday: 8 AM–8:30 PM, Saturday: 8 AM–8:30 PM, Sunday: 8 AM–8:30 PM, Monday: 8 AM–8:30 PM",,,,,"Harbanspura"
"ChIJocxwqhARGTkRGLgEaKaZ11M","Ms Honda Centre","HCG7+3MJ, Ibn-e-Saeed Rd, Canal Bank Housing Scheme, Lahore, Pakistan","https://www.google.com/maps?cid=6041466365129570328","https://search.google.com/local/reviews?placeid=ChIJocxwqhARGTkRGLgEaKaZ11M&q=auto+repair+shop+lahore&authuser=0&hl=en","HCG7+3MJ, Ibn-e-Saeed Rd","Auto repair shop",,"Amenities: Mechanic","03076063958",7,5,31.575207199999998,74.4141521,,"FALSE","",,,,,"Canal Bank Housing Scheme"
"ChIJu3YNp9cbGTkRLmjlPup0zRY","Johar town Car Mechanic Home Service","Johar town Q Block Q Block, Block R Phase 2 Johar Town, Lahore, 54000, Pakistan","https://www.google.com/maps?cid=1643097988486490158","https://search.google.com/local/reviews?placeid=ChIJu3YNp9cbGTkRLmjlPup0zRY&q=auto+repair+shop+lahore&authuser=0&hl=en","Johar town Q Block Q Block","Mechanic",,"","03214875874",119,4.7,31.460474599999998,74.2718229,,"TRUE","Tuesday: Open 24 hours, Wednesday: Open 24 hours, Thursday: Open 24 hours, Friday: Open 24 hours, Saturday: Open 24 hours, Sunday: Open 24 hours, Monday: Open 24 hours",,,,,"Block R Phase 2 Johar Town"
"ChIJ56hsdLYRGTkRuRHYdydsrrA","Usman Tyre works","HCF7+87C, Street No. 5, Fatehgarh, Lahore, Pakistan","https://www.google.com/maps?cid=12731232113393144249","https://search.google.com/local/reviews?placeid=ChIJ56hsdLYRGTkRuRHYdydsrrA&q=auto+repair+shop+lahore&authuser=0&hl=en","HCF7+87C, Street No. 5","Auto repair shop",,"Amenities: Mechanic","03092593990",3,5,31.5733227,74.4131458,,"FALSE","",,,,,"Fatehgarh"
"ChIJY59QuJYFGTkR-WgRMBsT_2A","Ashraf Autos Engineers","15 Main Jail Rd, near Goppi Motors, Jinnah Town, Lahore, 54000, Pakistan","https://www.google.com/maps?cid=6989326154193791225","https://search.google.com/local/reviews?placeid=ChIJY59QuJYFGTkR-WgRMBsT_2A&q=auto+repair+shop+lahore&authuser=0&hl=en","15 Main Jail Rd, near Goppi Motors","Auto repair shop, Auto tune up service",,"Amenities: Mechanic","03219454496",15,4.2,31.545134299999997,74.31906,,"TRUE","Tuesday: 10 AM–8 PM, Wednesday: 10 AM–8 PM, Thursday: 10 AM–8 PM, Friday: 10 AM–8 PM, Saturday: 10 AM–8 PM, Sunday: Closed, Monday: 10 AM–8 PM",,,,,"Jinnah Town"
"ChIJ966lgH0BGTkR6r8vgYjauyc","Hi-Tech Auto Workshop","185-E College Rd, Block E PGECHS 2, Lahore, 54770, Pakistan","https://www.google.com/maps?cid=2863122267941879786","https://search.google.com/local/reviews?placeid=ChIJ966lgH0BGTkR6r8vgYjauyc&q=auto+repair+shop+lahore&authuser=0&hl=en","185-E College Rd","Auto repair shop","Onsite services","Service options: Onsite services; Offerings: Oil change; Amenities: Mechanic, Restroom; Payments: NFC mobile payments","03214429291",142,4.9,31.420059499999997,74.27892,"https://hi-techauto.vercel.app/","TRUE","Tuesday: 9 AM–8 PM, Wednesday: 9 AM–8 PM, Thursday: 9 AM–8 PM, Friday: 9 AM–8 PM, Saturday: 9 AM–8 PM, Sunday: 9:30 AM–6:30 PM, Monday: 9 AM–8 PM",,,,,"Block E PGECHS 2"
"ChIJs2uYcQARGTkRpXnnjPD0sT8","Haji auto engine oil / Haji good's transport company","Orange Tiran line Islam Park station, Street Number 2, Sharif Garden, Lahore, Pakistan","https://www.google.com/maps?cid=4589718809260554661",,"Orange Tiran line Islam Park station, Street Number 2","Auto repair shop",,"Amenities: Mechanic",,,,31.5885356,74.4216637,,"FALSE","",,,,,"Sharif Garden"
"ChIJCag_AzUJGTkR6kKV0r1a4lg","Usman auto repair workshop","FCMF+249, Haji Park Gohawa, Lahore, Pakistan","https://www.google.com/maps?cid=6404781391402582762","https://search.google.com/local/reviews?placeid=ChIJCag_AzUJGTkR6kKV0r1a4lg&q=auto+repair+shop+lahore&authuser=0&hl=en","FCMF+249","Auto repair shop",,"Amenities: Mechanic","03264664180",3,5,31.4825669,74.4229655,,"FALSE","Tuesday: Open 24 hours, Wednesday: Open 24 hours, Thursday: Open 24 hours, Friday: Open 24 hours, Saturday: Open 24 hours, Sunday: Open 24 hours, Monday: Open 24 hours",,,,,"Haji Park Gohawa"
"ChIJ8TX0lekRGTkRlWuLtryekDk","Future Autos","HFWH+242, Bank Stop District, Grand Trunk Rd, Fahad Town Lahore, Pakistan","https://www.google.com/maps?cid=4147989790161857429","https://search.google.com/local/reviews?placeid=ChIJ8TX0lekRGTkRlWuLtryekDk&q=auto+repair+shop+lahore&authuser=0&hl=en","HFWH+242, Bank Stop District, Grand Trunk Rd","Car repair and maintenance service","Onsite services","Service options: Onsite services","03212873955",110,3.8,31.5950162,74.4777661,,"FALSE","Tuesday: Open 24 hours, Wednesday: Open 24 hours, Thursday: Open 24 hours, Friday: Open 24 hours, Saturday: Open 24 hours, Sunday: Open 24 hours, Monday: Open 24 hours",,,,,"Fahad Town"
"ChIJvYULRHpRsyQRdpryBAgA6IQ","The Car Clinic Auto Mechanic Home Service in Lahore","Block M Phase 2 Johar Town, Lahore, Pakistan","https://www.google.com/maps?cid=9576904642046106230","https://search.google.com/local/reviews?placeid=ChIJvYULRHpRsyQRdpryBAgA6IQ&q=auto+repair+shop+lahore&authuser=0&hl=en",,"Auto repair shop, Auto bodywork mechanic, Auto radiator repair service, Repair service, Car repair and maintenance service, Mechanic","Onsite services","Service options: Onsite services; Accessibility: Wheelchair accessible restroom, Wheelchair accessible seating","03242622878",22,5,31.4692066,74.274203,"https://carclinic247.wixsite.com/thecarclinicautomech","TRUE","Tuesday: Open 24 hours, Wednesday: Open 24 hours, Thursday: Open 24 hours, Friday: Open 24 hours, Saturday: Open 24 hours, Sunday: Open 24 hours, Monday: Open 24 hours",,,,,"Block M Phase 2 Johar Town"
"ChIJdbq4XgAPGTkRjok-g2ECWew","Babar Auto Workshop","FCM5+H3M, Sector Q DHA Phase 2, Lahore, Pakistan","https://www.google.com/maps?cid=17030646083715238286","https://search.google.com/local/reviews?placeid=ChIJdbq4XgAPGTkRjok-g2ECWew&q=auto+repair+shop+lahore&authuser=0&hl=en","FCM5+H3M","Mechanic",,"","03091144500",27,5,31.4839691,74.4076602,,"FALSE","Tuesday: Open 24 hours, Wednesday: Open 24 hours, Thursday: Open 24 hours, Friday: Open 24 hours, Saturday: Open 24 hours, Sunday: Open 24 hours, Monday: Open 24 hours",,,,,"Sector Q DHA Phase 2"
"ChIJ_XiR3gMBGTkRI8A9D_ZpQHk","AutoSpot.pk | Auto Repair in Lahore | Car Services in Johar Town","46-R Shah Alam Rd, near Honda Bikes Dealership (Showroom, Block R Phase 2 Johar Town, Lahore, Pakistan","https://www.google.com/maps?cid=8737099782637338659","https://search.google.com/local/reviews?placeid=ChIJ_XiR3gMBGTkRI8A9D_ZpQHk&q=auto+repair+shop+lahore&authuser=0&hl=en","46-R Shah Alam Rd, near Honda Bikes Dealership (Showroom","Auto repair shop, Auto body shop, Auto dent removal service, Auto machine shop, Auto painting, Auto parts store, Auto tune up service, Auto upholsterer, Car repair and maintenance service, Vehicle wrapping service","Onsite services","Service options: Onsite services; Offerings: Oil change; Amenities: Mechanic; Planning: Appointments recommended; Payments: Cash-only","03314899966",131,4.6,31.4605239,74.2727866,"https://autospot.pk/","TRUE","Tuesday: 11 AM–9 PM, Wednesday: 11 AM–9 PM, Thursday: 11 AM–9 PM, Friday: 11 AM–9 PM, Saturday: 11 AM–9 PM, Sunday: Closed, Monday: 11 AM–9 PM",,"https://www.autospot.pk/contact",,,"Block R Phase 2 Johar Town"
"ChIJLQUHFWoFGTkRgO9RH1LYjHM","Auto Master Workshop | Car AC, Electrical & Mechanical Workshop DHa Lahore","Shop No.E182, Street 12 New Iqbal Park Rd, Iqbal Park Lahore, 54660, Pakistan","https://www.google.com/maps?cid=8326267658325585792","https://search.google.com/local/reviews?placeid=ChIJLQUHFWoFGTkRgO9RH1LYjHM&q=auto+repair+shop+lahore&authuser=0&hl=en","Shop No.E182, Street 12 New Iqbal Park Rd","Auto repair shop, Auto body shop, Auto dent removal service, Auto machine shop, Car repair and maintenance service, Auto tune up service",,"","03026477012",2,5,31.4869691,74.38110189999999,,"TRUE","Tuesday: 9 AM–8 PM, Wednesday: 9 AM–8 PM, Thursday: 9 AM–8 PM, Friday: 9 AM–8 PM, Saturday: 9 AM–8 PM, Sunday: Closed, Monday: 9 AM–8 PM",,,,,"Iqbal Park"
"ChIJVSa3Z0EPGTkRXBh5a9fTFsA","Sufyan Car AC & Auto Electrician Lahore","FC7M+Q94, Bedian Rd, Askari XI, Lahore, 54810, Pakistan","https://www.google.com/maps?cid=13841483426944325724","https://search.google.com/local/reviews?placeid=ChIJVSa3Z0EPGTkRXBh5a9fTFsA&q=auto+repair+shop+lahore&authuser=0&hl=en","FC7M+Q94, Bedian Rd","Auto repair shop, Auto air conditioning service, Car repair and maintenance service, Mechanic, RV repair shop","Onsite services","Service options: Onsite services; Accessibility: Wheelchair accessible entrance, Wheelchair accessible parking lot, Wheelchair accessible seating, Assistive hearing loop, Wheelchair accessible restroom; Offerings: Oil change; Amenities: Gender-neutral restroom, Mechanic, Restroom; Recycling: Hazardous household materials; Payments: Credit cards, Debit cards, NFC mobile payments, Credit cards; Parking: On-site parking","03074507924",19,4.5,31.4644375,74.4334375,,"TRUE","Tuesday: Open 24 hours, Wednesday: Open 24 hours, Thursday: Open 24 hours, Friday: Open 24 hours, Saturday: Open 24 hours, Sunday: Open 24 hours, Monday: Open 24 hours",,"https://wa.me/923074507924",,,"Askari XI"
"ChIJzbDpoaYEGTkRbq0FtfyCRxA","Madina Auto Workshop","G8V8+QXH, Ferozpur Rd, Shadman, Jinnah Town, Lahore, 54610, Pakistan","https://www.google.com/maps?cid=1173050249833721198","https://search.google.com/local/reviews?placeid=ChIJzbDpoaYEGTkRbq0FtfyCRxA&q=auto+repair+shop+lahore&authuser=0&hl=en","G8V8+QXH, Ferozpur Rd","Auto repair shop","Onsite services","Service options: Onsite services; Amenities: Mechanic, Restroom; Payments: Cash-only","04237426533",87,4.2,31.5444459,74.31747159999999,,"FALSE","Tuesday: 9 AM–9 PM, Wednesday: 9 AM–9 PM, Thursday: 9 AM–9 PM, Friday: 9 AM–9 PM, Saturday: 9 AM–9 PM, Sunday: Closed, Monday: 9 AM–9 PM",,,,,"Shadman, Jinnah Town"
"ChIJvxtNSAAFGTkR5kbP6LKL1FY","Auto Levels - Best Car workshop in Lahore","11 Lahore – Kasur Rd, Jinnah Town, Lahore, 54000, Pakistan","https://www.google.com/maps?cid=6256779382850799334","https://search.google.com/local/reviews?placeid=ChIJvxtNSAAFGTkR5kbP6LKL1FY&q=auto+repair+shop+lahore&authuser=0&hl=en","11 Lahore – Kasur Rd","Auto bodywork mechanic","Onsite services","Service options: Onsite services; Accessibility: Wheelchair accessible entrance","03021070707",70,4.2,31.544783199999998,74.3183607,,"TRUE","Tuesday: 9 AM–9 PM, Wednesday: 9 AM–9 PM, Thursday: 9 AM–9 PM, Friday: 9 AM–9 PM, Saturday: 9 AM–9 PM, Sunday: Closed, Monday: 9 AM–9 PM",,,,,"Jinnah Town"
"ChIJ4U1tfwARGTkRjKgiYSO945c","Bismillah Auto and spare part","HCM7+V94 Mian Awais Market, Harbanspura, Lahore, Pakistan","https://www.google.com/maps?cid=10944799479091603596",,"HCM7+V94 Mian Awais Market","Motorcycle repair shop",,"Amenities: Mechanic",,,,31.5846435,74.4134487,,"FALSE","",,,,,"Harbanspura"
"ChIJy5D0FQARGTkR0agHJlyKngQ","Harban pora","HCGG+CFM, Harbanspura, Lahore, Pakistan","https://www.google.com/maps?cid=332855550851655889","https://search.google.com/local/reviews?placeid=ChIJy5D0FQARGTkR0agHJlyKngQ&q=auto+repair+shop+lahore&authuser=0&hl=en","HCGG+CFM","Auto repair shop",,"Amenities: Mechanic",,4,3,31.576079,74.42618209999999,,"FALSE","",,,,,"Harbanspura"
"ChIJZTr-QLsGGTkRf4UOBru798I","Car Care Auto Workshop & Adil Car AC","Pindi Rajputan Kot Lakhpat, Lahore, Pakistan","https://www.google.com/maps?cid=14048903974540445055","https://search.google.com/local/reviews?placeid=ChIJZTr-QLsGGTkRf4UOBru798I&q=auto+repair+shop+lahore&authuser=0&hl=en",,"Auto repair shop","Onsite services","Service options: Onsite services; Accessibility: Wheelchair accessible restroom; Amenities: Mechanic, Restroom","03024903091",180,4.4,31.459687499999998,74.3281875,,"TRUE","Tuesday: 9 AM–9 PM, Wednesday: 9 AM–9 PM, Thursday: 9 AM–9 PM, Friday: 9 AM–9 PM, Saturday: 9 AM–9 PM, Sunday: Closed, Monday: 9 AM–9 PM",,,,,"Pindi Rajputan Kot Lakhpat"
"ChIJ7_FlHgQFGTkRyj3YRl_o1so","Hamza Autos Workshop","Qasim Building, Dhaka Rd, Saddar Cantt, Lahore, Pakistan","https://www.google.com/maps?cid=14616125136585637322","https://search.google.com/local/reviews?placeid=ChIJ7_FlHgQFGTkRyj3YRl_o1so&q=auto+repair+shop+lahore&authuser=0&hl=en","Qasim Building, Dhaka Rd","Auto repair shop",,"Amenities: Mechanic","03214538530",4,4.8,31.5461413,74.3781724,,"FALSE","Tuesday: 10 AM–9 PM, Wednesday: 10 AM–9 PM, Thursday: 10 AM–9 PM, Friday: 10 AM–9 PM, Saturday: 10 AM–9 PM, Sunday: Closed, Monday: 10 AM–9 PM",,,,,"Saddar Cantt"
"ChIJv9sWE8EbGTkRCCO0O38jg9w","Automotive Garage HR – Car Mechanic","G8JV+56H, Gulberg 2, Lahore, 54660, Pakistan","https://www.google.com/maps?cid=15889582939662721800","https://search.google.com/local/reviews?placeid=ChIJv9sWE8EbGTkRCCO0O38jg9w&q=auto+repair+shop+lahore&authuser=0&hl=en","G8JV+56H","Auto repair shop, Auto air conditioning service, Auto bodywork mechanic, Auto electrical service, Auto painting, Mechanic, Auto restoration service, Car repair and maintenance service, Engine rebuilding service, Oil change service","Onsite services","Service options: Onsite services; Accessibility: Assisted listening devices, Wheelchair accessible entrance, Wheelchair accessible parking lot, Wheelchair accessible restroom, Wheelchair accessible seating, Assistive hearing loop; Offerings: Oil change; Amenities: Gender-neutral restroom; Payments: NFC mobile payments","03220101705",4,5,31.530438,74.343063,,"TRUE","Tuesday: Open 24 hours, Wednesday: Open 24 hours, Thursday: Open 24 hours, Friday: Open 24 hours, Saturday: Open 24 hours, Sunday: Open 24 hours, Monday: Open 24 hours",,,,,"Gulberg 2"
"ChIJTVGJahD-GDkRovbOOQXz7GU","AutoMech","18 Mohlanwal Road, near EME DHA, Abpara Housing Society, Lahore, 54000, Pakistan","https://www.google.com/maps?cid=7344512296104687266","https://search.google.com/local/reviews?placeid=ChIJTVGJahD-GDkRovbOOQXz7GU&q=auto+repair+shop+lahore&authuser=0&hl=en","18 Mohlanwal Road, near EME DHA","Auto repair shop","Onsite services","Service options: Onsite services; Offerings: Oil change; Amenities: Mechanic, Restroom","03214705467",86,4.6,31.4453031,74.20397899999999,"https://automechpk.com/","TRUE","Tuesday: 8 AM–8 PM, Wednesday: 8 AM–8 PM, Thursday: 8 AM–8 PM, Friday: 8 AM–8 PM, Saturday: 8 AM–8 PM, Sunday: 11 AM–5 PM, Monday: 8 AM–8 PM",,,,,"Abpara Housing Society"
"ChIJGXfmFmcDGTkRALPO-OeWyWc","Bismillah Auto workshop","129 Islam block Chenab mor street, Azam Garden, Lahore, 54000, Pakistan","https://www.google.com/maps?cid=7478674579281326848","https://search.google.com/local/reviews?placeid=ChIJGXfmFmcDGTkRALPO-OeWyWc&q=auto+repair+shop+lahore&authuser=0&hl=en","129 Islam block Chenab mor street","Auto repair shop","Onsite services","Service options: Onsite services; Offerings: Oil change; Amenities: Mechanic; Planning: Appointment required; Parking: On-site parking","03234854807",8,5,31.486577699999998,74.2611465,,"TRUE","Tuesday: 9 AM–11 PM, Wednesday: 9 AM–11 PM, Thursday: 9 AM–11 PM, Friday: 9 AM–11 PM, Saturday: 9 AM–11 PM, Sunday: 9 AM–11 PM, Monday: 9 AM–11 PM",,,,,"Azam Garden"
"ChIJFfSnUNMPGTkR-GuGO4ffI8M","Bismillah Autos","HCFJ+729, Harbanspura, Lahore, Pakistan","https://www.google.com/maps?cid=14061328233493064696",,"HCFJ+729","Motorcycle repair shop",,"Amenities: Mechanic",,,,31.573165399999997,74.4301183,,"FALSE","Tuesday: 10 AM–9 PM, Wednesday: 10 AM–9 PM, Thursday: 10 AM–9 PM, Friday: 10 AM–9 PM, Saturday: 10 AM–9 PM, Sunday: 10 AM–9 PM, Monday: 10 AM–9 PM",,,,,"Harbanspura"
"ChIJ0XuSgpkFGTkRc6HXzljtyaQ","Tanveer But Auto workshop","1431 /11b dhakaa road cantt kachery opposit judges gate, Saddar Town, Lahore, 38000, Pakistan","https://www.google.com/maps?cid=11874282858222166387","https://search.google.com/local/reviews?placeid=ChIJ0XuSgpkFGTkRc6HXzljtyaQ&q=auto+repair+shop+lahore&authuser=0&hl=en","1431 /11b dhakaa road cantt kachery opposit judges gate","Auto machine shop",,"Amenities: Mechanic","03087776961",6,4.3,31.5462723,74.3810641,,"TRUE","Tuesday: 9 AM–9 PM, Wednesday: 9 AM–9 PM, Thursday: 9 AM–9 PM, Friday: 9 AM–9 PM, Saturday: 9 AM–9 PM, Sunday: Closed, Monday: 9 AM–9 PM",,,,,"Saddar Town"
"ChIJE2h1h_0FGTkRQ0BHpnvKucs","Hassan Auto Workshop & Auto Electrician","Walton Rd, near Zong Franchise, Islam Nagar Madina Colony, Lahore, 54000, Pakistan","https://www.google.com/maps?cid=14679987092810317891","https://search.google.com/local/reviews?placeid=ChIJE2h1h_0FGTkRQ0BHpnvKucs&q=auto+repair+shop+lahore&authuser=0&hl=en","Walton Rd, near Zong Franchise","Auto repair shop, Mechanic","Onsite services","Service options: Onsite services; Accessibility: Wheelchair accessible entrance, Wheelchair accessible parking lot, Wheelchair accessible seating; Offerings: Oil change","03219761786",33,4.4,31.491168199999997,74.370235,,"TRUE","Tuesday: 9 AM–8 PM, Wednesday: 9 AM–8 PM, Thursday: 9 AM–8 PM, Friday: 9 AM–8 PM, Saturday: 9 AM–8 PM, Sunday: 10 AM–5 PM, Monday: 9 AM–8 PM",,,,,"Islam Nagar Madina Colony"
"ChIJ_7WfKQIFGTkRGReaq4mlt8M","Bilal Auto Workshop","F9WR+9XM, Hazrat Sher Rabbani Rd, Nishat Colony Cantt, Lahore, Pakistan","https://www.google.com/maps?cid=14102922768842102553","https://search.google.com/local/reviews?placeid=ChIJ_7WfKQIFGTkRGReaq4mlt8M&q=auto+repair+shop+lahore&authuser=0&hl=en","F9WR+9XM, Hazrat Sher Rabbani Rd","Auto tune up service",,"","03004049061",23,4.5,31.495948,74.3924997,,"FALSE","Tuesday: 10 AM–8 PM, Wednesday: 10 AM–8 PM, Thursday: 10 AM–8 PM, Friday: Closed, Saturday: 10 AM–8 PM, Sunday: 10 AM–8 PM, Monday: 10 AM–8 PM",,,,,"Nishat Colony Cantt"
"ChIJcfGE2t4FGTkRXRom3q7hI6w","AUTO DOCTOR Workshop","51 Jail Rd, Jinnah Town, Lahore, 54000, Pakistan","https://www.google.com/maps?cid=12404005939876076125","https://search.google.com/local/reviews?placeid=ChIJcfGE2t4FGTkRXRom3q7hI6w&q=auto+repair+shop+lahore&authuser=0&hl=en","51 Jail Rd","Car repair and maintenance service, Auto body shop, Auto painting, Auto restoration service, Mechanic, Oil change service","Onsite services","Service options: Onsite services; Offerings: Oil change; Payments: Credit cards, Debit cards, NFC mobile payments, Credit cards","03214888872",24,5,31.543452499999997,74.3231572,"http://www.autodoctor.pk/","TRUE","Tuesday: 10:30 AM–7 PM, Wednesday: 10:30 AM–7 PM, Thursday: 10:30 AM–7 PM, Friday: 10:30 AM–7 PM, Saturday: 10:30 AM–7 PM, Sunday: Closed, Monday: 10:30 AM–7 PM",,,,,"Jinnah Town"
"ChIJ45Fq0tsFGTkRce7mAGFOC4w","Brightway auto workshop","48, near grid station, Rehman Park Gulberg 2, Lahore, Pakistan","https://www.google.com/maps?cid=10091245568587656817","https://search.google.com/local/reviews?placeid=ChIJ45Fq0tsFGTkRce7mAGFOC4w&q=auto+repair+shop+lahore&authuser=0&hl=en","48, near grid station","Auto repair shop","Onsite services","Service options: Onsite services; Amenities: Mechanic, Restroom","03014658311",57,4,31.524137,74.3596637,,"FALSE","Tuesday: 9 AM–5 PM, Wednesday: 9 AM–5 PM, Thursday: 9 AM–5 PM, Friday: 9 AM–5 PM, Saturday: 9 AM–5 PM, Sunday: Closed, Monday: 9 AM–5 PM",,,,,"Rehman Park Gulberg 2"
"ChIJ555_SLAcGTkRrKvQ2V2cXIQ","Kashif Auto Workshop","4 Haider Rd, Sant Nagar Islampura, Lahore, 54000, Pakistan","https://www.google.com/maps?cid=9537670037764090796","https://search.google.com/local/reviews?placeid=ChIJ555_SLAcGTkRrKvQ2V2cXIQ&q=auto+repair+shop+lahore&authuser=0&hl=en","4 Haider Rd","Auto repair shop",,"Amenities: Mechanic","03004130771",31,4.7,31.5664044,74.2984245,,"FALSE","Tuesday: 9 AM–9 PM, Wednesday: 9 AM–9 PM, Thursday: 9 AM–9 PM, Friday: 9 AM–9 PM, Saturday: 9 AM–9 PM, Sunday: Closed, Monday: 9 AM–9 PM",,,,,"Sant Nagar Islampura"
"ChIJEUrECcoHGTkRoQWEcUIMPBE","khan auto Workshop","Khan Auto Workshop, Defence Rd, Amar Sidhu Chungi, Lahore, Pakistan","https://www.google.com/maps?cid=1241881076759266721","https://search.google.com/local/reviews?placeid=ChIJEUrECcoHGTkRoQWEcUIMPBE&q=auto+repair+shop+lahore&authuser=0&hl=en","Khan Auto Workshop, Defence Rd","Mechanic","Onsite services","Service options: Onsite services; Payments: NFC mobile payments","03214954635",138,4.8,31.447805,74.3507843,,"TRUE","Tuesday: 9 AM–10 PM, Wednesday: 9 AM–10 PM, Thursday: 9 AM–10 PM, Friday: 9 AM–10 PM, Saturday: 9 AM–10 PM, Sunday: Closed, Monday: 9 AM–10 PM",,,,,"Amar Sidhu Chungi"
"ChIJ5Qf5iYkBGTkRKTruxivkn2Y","TIME 'N' TUNE AUTOMOBILE WORKSHOP","50 R Block Shah Alam Rd, Block R Phase 2 Johar Town, Lahore, Pakistan","https://www.google.com/maps?cid=7394879989837871657","https://search.google.com/local/reviews?placeid=ChIJ5Qf5iYkBGTkRKTruxivkn2Y&q=auto+repair+shop+lahore&authuser=0&hl=en","50 R Block Shah Alam Rd","Auto bodywork mechanic","Onsite services","Service options: Onsite services; Accessibility: Wheelchair accessible entrance","03004939804",110,4.6,31.460631999999997,74.2732875,,"TRUE","Tuesday: 9 AM–7 PM, Wednesday: 9 AM–7 PM, Thursday: 9 AM–7 PM, Friday: 9 AM–7 PM, Saturday: 9 AM–7 PM, Sunday: Closed, Monday: 9 AM–7 PM",,,,,"Block R Phase 2 Johar Town"
"ChIJGZN0EWYJGTkRymgrBEtsbXY","Malik Auto Workshop & Electrician","Bedian Rd, opposite Askari 11, Sector A DHA Phase 6, Lahore, 54810, Pakistan","https://www.google.com/maps?cid=8533595938385258698","https://search.google.com/local/reviews?placeid=ChIJGZN0EWYJGTkRymgrBEtsbXY&q=auto+repair+shop+lahore&authuser=0&hl=en","Bedian Rd, opposite Askari 11","Public bathroom","Onsite services","Service options: Onsite services","03238041326",35,4.7,31.4636897,74.43545259999999,,"TRUE","Tuesday: 11:30 AM–9 PM, Wednesday: 11:30 AM–9 PM, Thursday: 11:30 AM–9 PM, Friday: 11:30 AM–9 PM, Saturday: Closed, Sunday: Closed, Monday: 11:30 AM–9 PM",,,,,"Sector A DHA Phase 6"
"ChIJS5uPep4FGTkRWGU_DJezqcM","New Defence Auto Zone specialist for Hybrid Cars","F9Q8+295, near Shahi Murgh Hotel, Madina Colony, Lahore, 54000, Pakistan","https://www.google.com/maps?cid=14098997569786963288","https://search.google.com/local/reviews?placeid=ChIJS5uPep4FGTkRWGU_DJezqcM&q=auto+repair+shop+lahore&authuser=0&hl=en","F9Q8+295, near Shahi Murgh Hotel","Auto repair shop",,"Amenities: Mechanic, Restroom","03134259002",12,5,31.4875464,74.36669619999999,,"TRUE","Tuesday: 9:30 AM–9:30 PM, Wednesday: 9:30 AM–9:30 PM, Thursday: 9:30 AM–9:30 PM, Friday: 9:30 AM–9:30 PM, Saturday: 9:30 AM–9:30 PM, Sunday: Closed, Monday: 9:30 AM–9:30 PM",,,,,"Madina Colony"
"ChIJc22zfnIHGTkRd28FqTuAwOw","Best PPF Service In Lahore | SB Car Care Maffia","15-S , Fortress Lahore Sialkot, block, Saddar Town, Lahore, 54830, Pakistan","https://www.google.com/maps?cid=17059776382206570359","https://search.google.com/local/reviews?placeid=ChIJc22zfnIHGTkRd28FqTuAwOw&q=auto+repair+shop+lahore&authuser=0&hl=en","15-S , Fortress Lahore Sialkot, block","Auto restoration service",,"","03211870647",79,3.5,31.5326582,74.36825,"https://www.sbcarcaremaffia.com/","TRUE","Tuesday: 10 AM–11 PM, Wednesday: 10 AM–11 PM, Thursday: 10 AM–11 PM, Friday: 10 AM–11 PM, Saturday: 10 AM–11 PM, Sunday: 10 AM–11 PM, Monday: 10 AM–11 PM",,,,,"Saddar Town"
"ChIJOfRTEBMHGTkRLYYVfie61Xg","Adnan Autos 24/7","Shop # 42, F block Ghazi Rd, Co-operative, Lahore, 22860, Pakistan","https://www.google.com/maps?cid=8707070133372552749","https://search.google.com/local/reviews?placeid=ChIJOfRTEBMHGTkRLYYVfie61Xg&q=auto+repair+shop+lahore&authuser=0&hl=en","Shop # 42, F block Ghazi Rd","Mechanic",,"","03008293475",37,4.9,31.463071999999997,74.3666147,,"TRUE","Tuesday: Open 24 hours, Wednesday: Open 24 hours, Thursday: Open 24 hours, Friday: Open 24 hours, Saturday: Open 24 hours, Sunday: Open 24 hours, Monday: Open 24 hours",,,,,"Co-operative"
"ChIJ0dYYEGUBGTkRLwJCfA_SxKY","Classic Auto Zone (Auto Repair & Maintenance, Oil Change Workshop )","Chowk, Classic Auto Zone 47-A Revenue Cooperative Housing Society, Main Shadewal, Main Road, Block A Revenue Employees Cooperative Housing Society, Lahore, Pakistan","https://www.google.com/maps?cid=12016960669682369071","https://search.google.com/local/reviews?placeid=ChIJ0dYYEGUBGTkRLwJCfA_SxKY&q=auto+repair+shop+lahore&authuser=0&hl=en","Chowk, Classic Auto Zone 47-A Revenue Cooperative Housing Society, Main Shadewal, Main Road","Auto repair shop, Air conditioning repair service, Auto body parts supplier, Auto machine shop, Car accessories store, Car inspection station, Car repair and maintenance service, Car security system installer, Oil change service, Painting",,"From the business: Identifies as women-owned; Service options: Onsite services; Accessibility: Wheelchair accessible entrance, Wheelchair accessible parking lot, Wheelchair accessible restroom; Offerings: Oil change; Amenities: Mechanic, Restroom; Planning: Appointment required; Payments: Credit cards","03086669077",272,4.2,31.4568749,74.2788632,"http://www.classicautozone.com/","TRUE","Tuesday: 9 AM–8 PM, Wednesday: 9 AM–8 PM, Thursday: 9 AM–8 PM, Friday: 9 AM–8 PM, Saturday: 9 AM–8 PM, Sunday: 9 AM–5 PM, Monday: 9 AM–8 PM",,"https://www.instagram.com/classicautozone?igsh=MXRzejFqd2ZndmZuZA==",,,"Block A Revenue Society Block A Revenue Employees Cooperative Housing Society"
"ChIJ45ITS_4FGTkRSbYaQhK2xBc","Car doctor Ashraf auto workshop","F9Q9+3FJ, Yasrab Colony Lahore, Pakistan","https://www.google.com/maps?cid=1712693947842344521","https://search.google.com/local/reviews?placeid=ChIJ45ITS_4FGTkRSbYaQhK2xBc&q=auto+repair+shop+lahore&authuser=0&hl=en","F9Q9+3FJ","Car repair and maintenance service",,"","03214080206",3,5,31.4877537,74.3686491,,"FALSE","Tuesday: 8:30 AM–11:30 PM, Wednesday: 8:30 AM–11:30 PM, Thursday: 8:30 AM–11:30 PM, Friday: 8:30 AM–11:30 PM, Saturday: 8:30 AM–11:30 PM, Sunday: 8:30 AM–11:30 PM, Monday: 8:30 AM–11:30 PM",,,,,"Yasrab Colony"
"ChIJ_W11XQQPGTkRFzbLk2yy2v8","Car Tyre Shop","GCX6+6GM, Zarrar Shaheed Rd, Ghazi Road Cantt, Lahore, 54851, Pakistan","https://www.google.com/maps?cid=18436244204000327191","https://search.google.com/local/reviews?placeid=ChIJ_W11XQQPGTkRFzbLk2yy2v8&q=auto+repair+shop+lahore&authuser=0&hl=en","GCX6+6GM, Zarrar Shaheed Rd","Tire shop","Onsite services","Service options: Onsite services; Amenities: Mechanic, Restroom",,84,3.8,31.548091499999998,74.411307,,"FALSE","Tuesday: Open 24 hours, Wednesday: Open 24 hours, Thursday: Open 24 hours, Friday: Open 24 hours, Saturday: Open 24 hours, Sunday: Open 24 hours, Monday: Open 24 hours",,,,,"Ghazi Road Cantt"
"ChIJHY5XEEsPGTkRI0xojtkD_IU","AM Honda Centre","HCFP+PW8, Lahore Press Club Housing Scheme, Lahore, Pakistan","https://www.google.com/maps?cid=9654595934107487267","https://search.google.com/local/reviews?placeid=ChIJHY5XEEsPGTkRI0xojtkD_IU&q=auto+repair+shop+lahore&authuser=0&hl=en","HCFP+PW8","Motorcycle repair shop",,"Amenities: Mechanic",,28,4.2,31.5742966,74.43733879999999,,"FALSE","Tuesday: 9 AM–9 PM, Wednesday: 9 AM–9 PM, Thursday: 9 AM–9 PM, Friday: 9 AM–9 PM, Saturday: 9 AM–9 PM, Sunday: 9 AM–9 PM, Monday: 9 AM–9 PM",,,,,"Lahore Press Club Housing Scheme"
"ChIJ2Y2FkMADGTkR7b7O82UxAdA","Carigar Restomods (Auto Workshop and Car garage)","618 R3, Block R 3 Phase 2 Johar Town, Lahore, 54530, Pakistan","https://www.google.com/maps?cid=14988315348817592045","https://search.google.com/local/reviews?placeid=ChIJ2Y2FkMADGTkR7b7O82UxAdA&q=auto+repair+shop+lahore&authuser=0&hl=en","618 R3","Auto restoration service, Auto body shop, Auto bodywork mechanic, Electrician, Mechanic, Oil change service","Onsite services","Service options: Onsite services; Offerings: Oil change; Planning: Appointment required","03262274427",266,4.4,31.4484906,74.2760973,"http://youtube.com/Caristaniyan","TRUE","Tuesday: 9 AM–9 PM, Wednesday: 9 AM–9 PM, Thursday: 9 AM–9 PM, Friday: 9 AM–9 PM, Saturday: 9 AM–9 PM, Sunday: Closed, Monday: 9 AM–9 PM",,,,,"Block R3 Block R 3 Phase 2 Johar Town"
"ChIJw78HtM8PGTkRCjyEo4QzASI","Ashraf Bhatti Auto Workshop","Khuda Buksh Colony Lahore, Pakistan","https://www.google.com/maps?cid=2450296317038312458","https://search.google.com/local/reviews?placeid=ChIJw78HtM8PGTkRCjyEo4QzASI&q=auto+repair+shop+lahore&authuser=0&hl=en",,"Car repair and maintenance service",,"","03218488597",14,4.4,31.496324899999998,74.42065869999999,,"TRUE","Tuesday: Open 24 hours, Wednesday: Open 24 hours, Thursday: Open 24 hours, Friday: Open 24 hours, Saturday: Open 24 hours, Sunday: Open 24 hours, Monday: Open 24 hours",,,,,"Khuda Buksh Colony"
"ChIJQVm-LoQPGTkRD618yKiIBGI","Ali Hajveri Auto","HCC6+G26, Kachcha, Salamat Pura Rd, Fatehgarh, Lahore, Pakistan","https://www.google.com/maps?cid=7062920374123277583","https://search.google.com/local/reviews?placeid=ChIJQVm-LoQPGTkRD618yKiIBGI&q=auto+repair+shop+lahore&authuser=0&hl=en","HCC6+G26, Kachcha, Salamat Pura Rd","Motorcycle repair shop",,"Amenities: Mechanic","03248469605",1,3,31.5712767,74.41002929999999,,"FALSE","",,,,,"Fatehgarh"
"ChIJwaHrmIwFGTkRoiZAvJ-Ptj8","Apna Mechanic PK","Shop number #A1/A2, R.A Bazar, Cantt, 54810, Pakistan","https://www.google.com/maps?cid=4591014786371692194","https://search.google.com/local/reviews?placeid=ChIJwaHrmIwFGTkRoiZAvJ-Ptj8&q=auto+repair+shop+lahore&authuser=0&hl=en","Shop number #A1/A2, R.A Bazar","Auto repair shop",,"Amenities: Mechanic","03334422335",10,4.8,31.505737,74.38532959999999,,"FALSE","Tuesday: 8 AM–9 PM, Wednesday: 8 AM–9 PM, Thursday: 8 AM–9 PM, Friday: 8 AM–9 PM, Saturday: 8 AM–9 PM, Sunday: 10 AM–5 AM, Monday: 8 AM–9 PM",,,,,"Cantt"
"ChIJp_JkDoUPGTkRxnQthCevAPY","BismilAllah Tyre Shop","Main Road, Amir Town Canal Bank Housing Scheme, Lahore, Pakistan","https://www.google.com/maps?cid=17726360717586429126","https://search.google.com/local/reviews?placeid=ChIJp_JkDoUPGTkRxnQthCevAPY&q=auto+repair+shop+lahore&authuser=0&hl=en","Main Road","Tire shop",,"Amenities: Mechanic","03037845717",1,3,31.5707591,74.4188721,,"FALSE","Tuesday: 7 AM–8 PM, Wednesday: 9 AM–8 PM, Thursday: 7 AM–8 PM, Friday: 7 AM–8 PM, Saturday: 7 AM–8 PM, Sunday: 7 AM–8 PM, Monday: 7 AM–5 PM",,,,,"Amir Town Canal Bank Housing Scheme"
"ChIJZfGkYbcdGTkRl8GdATlytOs","Bilal Ganj Auto Parts and shop lahore","Shop no 99, Bilal Ganj saqibStreetno 1 Bilal Ganj, Lahore, 54000, Pakistan","https://www.google.com/maps?cid=16984325683886801303","https://search.google.com/local/reviews?placeid=ChIJZfGkYbcdGTkRl8GdATlytOs&q=auto+repair+shop+lahore&authuser=0&hl=en","Shop no 99","Auto parts store, Auto accessories wholesaler, Auto body parts supplier, Auto machine shop, Auto market, Auto tune up service, Oil change service, Repair service, Used auto parts store","Delivery, In-store pickup, In-store shopping, Onsite services","Service options: Delivery, In-store pickup, In-store shopping, Onsite services; Accessibility: Wheelchair accessible seating, Wheelchair accessible entrance; Offerings: Oil change; Amenities: Gender-neutral restroom, Wi-Fi, Wi-Fi; Planning: Appointment required; Recycling: Batteries, Electronics; Payments: Checks, Credit cards, Debit cards, NFC mobile payments, Credit cards; Parking: Paid street parking","03017928133",580,4.6,31.5788147,74.3015247,"https://bilalganjautoparts.com/","TRUE","Tuesday: Open 24 hours, Wednesday: Open 24 hours, Thursday: Open 24 hours, Friday: Open 24 hours, Saturday: Open 24 hours, Sunday: Closed, Monday: Open 24 hours",,"https://bilalganjautoparts.com/",,,"Bilal Ganj saqibStreetno 1 Bilal Ganj"
"ChIJ3aQDBYsBGTkRziwv7JLvHzA","Al Makkah Auto Garage","Plot 338D, Audit and accounts, College Rd, Block D Audit and Accounts Housing Society, Lahore, Pakistan","https://www.google.com/maps?cid=3467753652405349582","https://search.google.com/local/reviews?placeid=ChIJ3aQDBYsBGTkRziwv7JLvHzA&q=auto+repair+shop+lahore&authuser=0&hl=en","Plot 338D, Audit and accounts, College Rd","Auto repair shop, Car repair and maintenance service","Onsite services","Service options: Onsite services; Amenities: Mechanic","03114633305",84,4.8,31.3935438,74.2683775,,"TRUE","Tuesday: Open 24 hours, Wednesday: Open 24 hours, Thursday: Open 24 hours, Friday: Open 24 hours, Saturday: Open 24 hours, Sunday: Open 24 hours, Monday: Open 24 hours",,,,,"Block D Audit and Accounts Housing Society"
"ChIJS5iiPawBSiQRWS1iMkP6AQQ","Car House Auto Mechanic In Lahore",,"https://www.google.com/maps?cid=288787017643470169","https://search.google.com/local/reviews?placeid=ChIJS5iiPawBSiQRWS1iMkP6AQQ&q=auto+repair+shop+lahore&authuser=0&hl=en",,"Car repair and maintenance service, Service establishment",,"From the business: Identifies as women-owned","03154875874",2,5,31.462108999999998,74.2292243,,"TRUE","Tuesday: Open 24 hours, Wednesday: Open 24 hours, Thursday: Open 24 hours, Friday: Open 24 hours, Saturday: Open 24 hours, Sunday: Open 24 hours, Monday: Open 24 hours",,,,,
"ChIJNV7MimkPGTkRRNVHqp5qSME","City Auto Workshop","FCXC+9QX Shehanshah & Butt Shinwari Hotel, Airport Rd, Khuda Buksh Colony Cantt, Lahore, Pakistan","https://www.google.com/maps?cid=13927499077337470276","https://search.google.com/local/reviews?placeid=ChIJNV7MimkPGTkRRNVHqp5qSME&q=auto+repair+shop+lahore&authuser=0&hl=en","FCXC+9QX Shehanshah & Butt Shinwari Hotel, Airport Rd","Car repair and maintenance service","Onsite services","Service options: Onsite services","03214622125",36,4.7,31.498493099999997,74.42199389999999,,"FALSE","",,,,,"Khuda Buksh Colony Cantt"
"ChIJ5QD5Qq0IGTkRImB7Jp38WSo","Bawa Auto Workshop","FCJ8+VJV, Punjab Small Industries Cooperative Housing Society Phase 1 Cantt View Housing Scheme, Lahore, Pakistan","https://www.google.com/maps?cid=3051747974405906466","https://search.google.com/local/reviews?placeid=ChIJ5QD5Qq0IGTkRImB7Jp38WSo&q=auto+repair+shop+lahore&authuser=0&hl=en","FCJ8+VJV","Auto machine shop",,"Amenities: Mechanic","03228442280",28,4.5,31.4822463,74.4165496,,"FALSE","Tuesday: 9 AM–8 PM, Wednesday: 9 AM–8 PM, Thursday: 9 AM–8 PM, Friday: 9 AM–8 PM, Saturday: 9 AM–8 PM, Sunday: 9 AM–8 PM, Monday: 9 AM–8 PM",,,,,"Punjab Small Industries Cooperative Housing Society Phase 1 Cantt View Housing Scheme"
"ChIJBUr8BgABGTkRXLWo14Ixnkk","Auto Lab Workshop","Shop Number, Johar, 106, F Block, Block F Phase 1 Town, Lahore, 54782, Pakistan","https://www.google.com/maps?cid=5304731849122690396","https://search.google.com/local/reviews?placeid=ChIJBUr8BgABGTkRXLWo14Ixnkk&q=auto+repair+shop+lahore&authuser=0&hl=en","Shop Number, Johar, 106, F Block","Auto repair shop, Car repair and maintenance service","Onsite services","Service options: Onsite services; Accessibility: Wheelchair accessible entrance, Wheelchair accessible seating; Offerings: Oil change; Amenities: Mechanic; Payments: Cash-only; Parking: On-site parking","03701001001",46,4.3,31.467574199999998,74.29005029999999,"http://www.autolabworkshop.com/","TRUE","Tuesday: 9 AM–9 PM, Wednesday: 9 AM–9 PM, Thursday: 9 AM–9 PM, Friday: 9 AM–9 PM, Saturday: 9 AM–9 PM, Sunday: Closed, Monday: 9 AM–9 PM",,,,,"Block F Phase 1 Town"
"ChIJ6-o-a44PGTkRAz63AJuaoMw","Mehar Auto workshop and oil change","HFHM+F49, Jallo Park Access Rd, Phase 4 Jallo Wana, Lahore, Pakistan","https://www.google.com/maps?cid=14744955170533621251","https://search.google.com/local/reviews?placeid=ChIJ6-o-a44PGTkRAz63AJuaoMw&q=auto+repair+shop+lahore&authuser=0&hl=en","HFHM+F49, Jallo Park Access Rd","Auto repair shop",,"Amenities: Mechanic",,1,5,31.5786521,74.4828725,,"FALSE","",,,,,"Phase 4 Jallo Wana"
"ChIJZfV1uOkIGTkRN5fLbqpe_cg","New Defence Auto workshop & Car Ac - mechanic electrician","pump, euro patrol pump bedian filling station Lahore, Bedian Rd, Sector A Euro, petrol, 54000, Pakistan","https://www.google.com/maps?cid=14482836062789670711","https://search.google.com/local/reviews?placeid=ChIJZfV1uOkIGTkRN5fLbqpe_cg&q=auto+repair+shop+lahore&authuser=0&hl=en","pump, euro patrol pump bedian filling station Lahore, Bedian Rd","Auto air conditioning service",,"Payments: NFC mobile payments","03222222409",18,4.9,31.4621319,74.4369514,,"TRUE","Tuesday: 8 AM–10 PM, Wednesday: 8 AM–10 PM, Thursday: 8 AM–10 PM, Friday: 8 AM–10 PM, Saturday: 8 AM–10:30 PM, Sunday: 10 AM–5 PM, Monday: 8 AM–10 PM",,,,,"Sector A Euro"
"ChIJBdEydwAFGTkR5cta1pcUHug","Bilal Auto workshop","F9R5+9VR, Madina Colony, Lahore, Pakistan","https://www.google.com/maps?cid=16725828708469492709","https://search.google.com/local/reviews?placeid=ChIJBdEydwAFGTkR5cta1pcUHug&q=auto+repair+shop+lahore&authuser=0&hl=en","F9R5+9VR","Auto bodywork mechanic",,"","03200049907",2,5,31.4909903,74.3596421,,"FALSE","Tuesday: 8:30 AM–9 PM, Wednesday: 8:30 AM–9 PM, Thursday: 8:30 AM–9 PM, Friday: 8:30 AM–9 PM, Saturday: 8:30 AM–9 PM, Sunday: 8:30 AM–9 PM, Monday: 8:30 AM–9 PM",,,,,"Madina Colony"
"ChIJ6d0mbrUGGTkR6bvWj-SWU2c","Saeed Bhai Auto Workshop","C8X7+P95, Township Twp Commercial Area Lahore, Pakistan","https://www.google.com/maps?cid=7445460517383486441","https://search.google.com/local/reviews?placeid=ChIJ6d0mbrUGGTkR6bvWj-SWU2c&q=auto+repair+shop+lahore&authuser=0&hl=en","C8X7+P95","Auto tune up service","Onsite services","Service options: Onsite services","03334243982",54,4.8,31.4492704,74.31347629999999,,"FALSE","Tuesday: 10 AM–7:30 PM, Wednesday: 10 AM–7:30 PM, Thursday: 10 AM–7:30 PM, Friday: 10 AM–7:30 PM, Saturday: 10 AM–7:30 PM, Sunday: Closed, Monday: 10 AM–7:30 PM",,,,,"Township Township Commercial Area"
"ChIJF6vAudkFGTkRsnADsslmeeE","International Auto Workshop","Block N Gulberg III, Lahore, Pakistan","https://www.google.com/maps?cid=16247130147176804530","https://search.google.com/local/reviews?placeid=ChIJF6vAudkFGTkRsnADsslmeeE&q=auto+repair+shop+lahore&authuser=0&hl=en",,"Car repair and maintenance service","Onsite services","Service options: Onsite services","04235764974",87,4.1,31.524437499999998,74.3569375,,"FALSE","Tuesday: 9 AM–7 PM, Wednesday: 9 AM–7 PM, Thursday: 9 AM–7 PM, Friday: 9 AM–7 PM, Saturday: 9 AM–7 PM, Sunday: Closed, Monday: 9 AM–7 PM",,,,,"Block N Gulberg III"
"ChIJLeTjJpkFGTkRSucuyBF4Low","Musa auto workshop","Iqbal Park, DHA Phase 3, Lahore, Pakistan","https://www.google.com/maps?cid=10101143032006895434","https://search.google.com/local/reviews?placeid=ChIJLeTjJpkFGTkRSucuyBF4Low&q=auto+repair+shop+lahore&authuser=0&hl=en","Iqbal Park","Auto repair shop",,"Amenities: Mechanic","03004207741",3,5,31.4871058,74.3810496,,"FALSE","Tuesday: 8:40 AM–10 PM, Wednesday: 8:40 AM–10 PM, Thursday: 8:40 AM–10 PM, Friday: 8:40 AM–10 PM, Saturday: 8:40 AM–10 PM, Sunday: 8:40 AM–10 PM, Monday: 8:40 AM–10 PM",,,,,"Iqbal Park DHA Phase 3"
"ChIJecIB3RkEGTkR66h9zVmeu_0","Magic Motors","A-Block, F8MJ+5CW Store Market, Circuller Road, Model Town, Lahore, 54700, Pakistan","https://www.google.com/maps?cid=18283381220777502955","https://search.google.com/local/reviews?placeid=ChIJecIB3RkEGTkR66h9zVmeu_0&q=auto+repair+shop+lahore&authuser=0&hl=en","A-Block, F8MJ+5CW Store Market, Circuller Road","Auto repair shop, Auto body shop, Auto tune up service, Brake shop, Oil change service","Onsite services","Service options: Onsite services; Offerings: Oil change; Amenities: Mechanic","03047461951",122,4.2,31.483003999999998,74.331059,"http://www.magicmotors.com.pk/","TRUE","Tuesday: 9 AM–7 PM, Wednesday: 9 AM–7 PM, Thursday: 9 AM–7 PM, Friday: 9 AM–7 PM, Saturday: 9 AM–7 PM, Sunday: Closed, Monday: 9 AM–7 PM",,,,,"Model Town"
"ChIJIdXwU0ABGTkRwHnsV5UnpKI","Mechanic Zones ( Automobile Workshop)","Opposit PSO Pump Service Lane, Main Boulevard LDA Avenue, Plot# 178, Block B Public Health Society, Lahore, 54770, Pakistan","https://www.google.com/maps?cid=11719535652703599040","https://search.google.com/local/reviews?placeid=ChIJIdXwU0ABGTkRwHnsV5UnpKI&q=auto+repair+shop+lahore&authuser=0&hl=en","Opposit PSO Pump Service Lane, Main Boulevard LDA Avenue, Plot# 178","Auto repair shop, Auto air conditioning service, Auto dent removal service, Auto painting, Auto tune up service, Electrician, Motor vehicle dealer, Vehicle inspection service","Onsite services","Service options: Onsite services; Accessibility: Wheelchair accessible entrance, Wheelchair accessible parking lot, Wheelchair accessible seating, Assistive hearing loop; Offerings: Oil change; Amenities: Gender-neutral restroom, Mechanic, Restroom; Payments: Cash-only; Parking: On-site parking","03060426969",57,4.7,31.4180936,74.2169883,"http://mechaniczones.com/","TRUE","Tuesday: 9 AM–10 PM, Wednesday: 9 AM–10 PM, Thursday: 9 AM–10 PM, Friday: 9 AM–10 PM, Saturday: 9 AM–10 PM, Sunday: 11 AM–6 PM, Monday: 9 AM–10 PM",,"https://wa.me/923060426969",,,"Public Health Society Block B Public Health Society"
"ChIJR7XJI6wIGTkRPqZs9dXpvv4","Al-Makkah Auto Workshop","FCG7+X89, Punjab Small Industries Housing Society, Lahore, Pakistan","https://www.google.com/maps?cid=18356366236363564606","https://search.google.com/local/reviews?placeid=ChIJR7XJI6wIGTkRPqZs9dXpvv4&q=auto+repair+shop+lahore&authuser=0&hl=en","FCG7+X89","Car repair and maintenance service",,"","03004553036",61,4.1,31.4774061,74.413353,,"FALSE","Tuesday: 8 AM–9 PM, Wednesday: 8 AM–9 PM, Thursday: 8 AM–9 PM, Friday: 8 AM–9 PM, Saturday: 8 AM–9 PM, Sunday: Closed, Monday: 8 AM–9 PM",,,,,"Punjab Small Industries Housing Society"
"ChIJUSUIcN8JGTkRiKMSbzLI-yg","New Auto Point Muhammad Akhter","FC7J+MFV, Service Road, Askari XI, Lahore, Pakistan","https://www.google.com/maps?cid=2953174099608904584","https://search.google.com/local/reviews?placeid=ChIJUSUIcN8JGTkRiKMSbzLI-yg&q=auto+repair+shop+lahore&authuser=0&hl=en","FC7J+MFV, Service Road","Auto repair shop, Auto dent removal service","Onsite services","Service options: Onsite services; Amenities: Mechanic, Restroom; Payments: NFC mobile payments","03009402692",23,4.8,31.464187499999998,74.4311875,,"TRUE","Tuesday: 9 AM–7 PM, Wednesday: 9 AM–7 PM, Thursday: 9 AM–7 PM, Friday: 9 AM–7 PM, Saturday: 9 AM–7 PM, Sunday: Closed, Monday: 9 AM–7 PM",,,,,"Askari XI"
"ChIJeXgNtFMJGTkRLS0CbRkXrC0","Bismillah Car Workshop","FCGG+88G, Bedian Rd, Ismail Pura Jamun, Lahore, Pakistan","https://www.google.com/maps?cid=3291030825671470381","https://search.google.com/local/reviews?placeid=ChIJeXgNtFMJGTkRLS0CbRkXrC0&q=auto+repair+shop+lahore&authuser=0&hl=en","FCGG+88G, Bedian Rd","Auto repair shop",,"Amenities: Mechanic","03044569442",4,5,31.4758101,74.4258352,,"FALSE","Tuesday: 9 AM–8 PM, Wednesday: 9 AM–8 PM, Thursday: 9 AM–8 PM, Friday: 9 AM–8 PM, Saturday: 9 AM–8 PM, Sunday: Closed, Monday: 9 AM–8 PM",,,,,"Ismail Pura Jamun"
"ChIJhdIFv1IEGTkReYfRI8iU6yo","Asif Auto Services | Yamaha Service Center","G965+44P, Gurumangat Rd, Block A-2 Block A 2 Gulberg III, Lahore, 54030, Pakistan","https://www.google.com/maps?cid=3092729156435281785","https://search.google.com/local/reviews?placeid=ChIJhdIFv1IEGTkReYfRI8iU6yo&q=auto+repair+shop+lahore&authuser=0&hl=en","G965+44P, Gurumangat Rd","Car repair and maintenance service","Onsite services","Service options: Onsite services","03334322462",45,4.4,31.510339899999998,74.3578308,,"FALSE","Tuesday: 8 AM–8 PM, Wednesday: 8 AM–8 PM, Thursday: 8 AM–8 PM, Friday: 8 AM–8 PM, Saturday: 8 AM–8 PM, Sunday: Closed, Monday: 8 AM–8 PM",,,,,"Block A-2 Block A 2 Gulberg III"
"ChIJC6nLcZYDGTkRTyAsKTPsLCY","Dubai Autos Car AC Service","288, Sikandar Block Karim Block Allama Iqbal Town, Lahore, 51000, Pakistan","https://www.google.com/maps?cid=2750833176894775375","https://search.google.com/local/reviews?placeid=ChIJC6nLcZYDGTkRTyAsKTPsLCY&q=auto+repair+shop+lahore&authuser=0&hl=en","288","Auto repair shop, Auto air conditioning service, Auto machine shop, Electrician","Onsite services","Service options: Onsite services; Amenities: Mechanic","03005448174",46,4.6,31.506518699999997,74.2807974,,"TRUE","Tuesday: Open 24 hours, Wednesday: Open 24 hours, Thursday: Open 24 hours, Friday: Open 24 hours, Saturday: Open 24 hours, Sunday: 6 AM–11:30 PM, Monday: Open 24 hours",,,,,"Sikandar Block Karim Block Allama Iqbal Town"
"ChIJ5RCWZjkFGTkRzFEHdWoyRxg","Imran Auto Workshop Gulberg Lahore","Building 17, 3 Gurumangat Rd, opposite Sui Gas Office, Block A 2 Gulberg, Lahore, 54660, Pakistan","https://www.google.com/maps?cid=1749422413068063180","https://search.google.com/local/reviews?placeid=ChIJ5RCWZjkFGTkRzFEHdWoyRxg&q=auto+repair+shop+lahore&authuser=0&hl=en","Building 17, 3 Gurumangat Rd, opposite Sui Gas Office","Auto repair shop, Auto painting, Car repair and maintenance service, Auto tune up service, Electrician, Paint store","Onsite services","Service options: Onsite services","03288009862",12,4.3,31.509797799999998,74.3577596,,"TRUE","Tuesday: Open 24 hours, Wednesday: Open 24 hours, Thursday: Open 24 hours, Friday: Open 24 hours, Saturday: Open 24 hours, Sunday: 10 AM–11 PM, Monday: Open 24 hours",,,,,"Block A 2 Gulberg"
"ChIJzynDySgFGTkREox00V9NvGU","Imran AUTOS - Car Mechanic","E block, Imran Autos, Block E Model Town, Lahore, Pakistan","https://www.google.com/maps?cid=7330819367383632914","https://search.google.com/local/reviews?placeid=ChIJzynDySgFGTkREox00V9NvGU&q=auto+repair+shop+lahore&authuser=0&hl=en","E block, Imran Autos","Mechanic, Auto air conditioning service, Auto bodywork mechanic, Auto electrical service, Auto parts store, Auto restoration service, Brake shop, Car dealer, Oil change service, Small engine repair service","Onsite services","Service options: Onsite services; Accessibility: Wheelchair accessible seating; Offerings: Oil change; Payments: Credit cards, Debit cards, Credit cards","03004317574",49,4.3,31.4871919,74.3198295,"https://imranautos.42web.io/","TRUE","Tuesday: 9 AM–9 PM, Wednesday: 9 AM–9 PM, Thursday: 9 AM–9 PM, Friday: 9 AM–9 PM, Saturday: 9 AM–9 PM, Sunday: Closed, Monday: 9 AM–9 PM",,,,,"Block E Model Town"
"ChIJV2c3dYADGTkRNWA560cmA8k","Zeeshan Auto workshop","Motorway chowk, Shera Kot Lahore, 54000, Pakistan","https://www.google.com/maps?cid=14484462916884586549","https://search.google.com/local/reviews?placeid=ChIJV2c3dYADGTkRNWA560cmA8k&q=auto+repair+shop+lahore&authuser=0&hl=en","Motorway chowk","Auto repair shop",,"Amenities: Mechanic","03084741825",6,4.2,31.539656299999997,74.2648797,,"TRUE","Tuesday: Open 24 hours, Wednesday: Open 24 hours, Thursday: Open 24 hours, Friday: Open 24 hours, Saturday: Open 24 hours, Sunday: Open 24 hours, Monday: Open 24 hours",,,,,"Shera Kot"
"ChIJa3pTPQ8FGTkRknt2yq50S7I","Engine Masters - Car Mechanic DHA","1828 Block J Shop, E, 1 St 16, Nishat Colony Sector J Cantt, Lahore, 54000, Pakistan","https://www.google.com/maps?cid=12847490656074365842","https://search.google.com/local/reviews?placeid=ChIJa3pTPQ8FGTkRknt2yq50S7I&q=auto+repair+shop+lahore&authuser=0&hl=en","1828 Block J Shop, E, 1 St 16","Mechanic, Auto restoration service, Car repair and maintenance service, Oil change service","Onsite services","Service options: Onsite services; Offerings: Oil change","03075486186",9,4.1,31.477914799999997,74.3927729,,"TRUE","Tuesday: Open 24 hours, Wednesday: Open 24 hours, Thursday: Open 24 hours, Friday: Open 24 hours, Saturday: Open 24 hours, Sunday: Open 24 hours, Monday: Open 24 hours",,,,,"Nishat Colony Sector J Cantt"
"ChIJvbBfMgAHGTkRQSxLsC9CKIc","Rana Hanan Auto Mechanic & A C Service","F9C2+GGH, Walton Rd, Gulshan Colony, Lahore, Pakistan","https://www.google.com/maps?cid=9739106966777310273","https://search.google.com/local/reviews?placeid=ChIJvbBfMgAHGTkRQSxLsC9CKIc&q=auto+repair+shop+lahore&authuser=0&hl=en","F9C2+GGH, Walton Rd","Auto repair shop",,"Amenities: Mechanic","03334502530",9,4.4,31.471321399999997,74.3513559,,"FALSE","Tuesday: 9 AM–10 PM, Wednesday: 9 AM–10 PM, Thursday: 9 AM–10 PM, Friday: 9 AM–10 PM, Saturday: 9 AM–10 PM, Sunday: 10 AM–10 PM, Monday: 10 AM–10 PM",,,,,"Gulshan Colony"
"ChIJme7nlcQBGTkRuxKnGPnhN0A","Lahore Auto Club","Raiwind Rd, Ali Raza Abad Ali Razabad, Lahore, 55130, Pakistan","https://www.google.com/maps?cid=4627415602123182779","https://search.google.com/local/reviews?placeid=ChIJme7nlcQBGTkRuxKnGPnhN0A&q=auto+repair+shop+lahore&authuser=0&hl=en","Raiwind Rd","Auto repair shop",,"Amenities: Mechanic, Restroom","03009485154",78,4.2,31.4309813,74.23112309999999,"http://facebook.com/LahoreAutoClub","TRUE","Tuesday: 9 AM–6 PM, Wednesday: 9 AM–6 PM, Thursday: 9 AM–6 PM, Friday: 9 AM–6 PM, Saturday: 9 AM–6 PM, Sunday: Closed, Monday: 9 AM–6 PM",,,,,"Ali Raza Abad Ali Razabad"
"ChIJC6uK-3UdGTkR70ja8dGIRT4","Al Rehman Auto Workshop","Shop no, 12 Street Number 7, near Babar samosay wala, Bilal Ganj Lahore, Pakistan","https://www.google.com/maps?cid=4487143039031724271","https://search.google.com/local/reviews?placeid=ChIJC6uK-3UdGTkR70ja8dGIRT4&q=auto+repair+shop+lahore&authuser=0&hl=en","Shop no, 12 Street Number 7, near Babar samosay wala","Auto bodywork mechanic",,"","03022064507",6,4.3,31.5812493,74.3012099,,"FALSE","Tuesday: Open 24 hours, Wednesday: Open 24 hours, Thursday: Open 24 hours, Friday: Open 24 hours, Saturday: Open 24 hours, Sunday: Open 24 hours, Monday: Open 24 hours",,,,,"Bilal Ganj"
"ChIJ0XSr36AJGTkRbV6S018mhNM","Al Madinah Auto Work Shop- Abdul Wahid","CCW5+69X, Kamahan - Lidher Rd, Formanites Housing Scheme, Lahore, Pakistan","https://www.google.com/maps?cid=15241349231941934701","https://search.google.com/local/reviews?placeid=ChIJ0XSr36AJGTkRbV6S018mhNM&q=auto+repair+shop+lahore&authuser=0&hl=en","CCW5+69X, Kamahan - Lidher Rd","Car repair and maintenance service",,"","03004790733",15,4.7,31.445611099999997,74.4084732,,"FALSE","Tuesday: 9 AM–6 PM, Wednesday: 9 AM–6 PM, Thursday: 9 AM–6 PM, Friday: 9 AM–6 PM, Saturday: 9 AM–6 PM, Sunday: Closed, Monday: 9 AM–6 PM",,,,,"Formanites Housing Scheme"
"ChIJSeCpXAAPGTkRozFAuyoJWM0","SM Automotive","Tibba Lahore, Pakistan","https://www.google.com/maps?cid=14796586654860587427","https://search.google.com/local/reviews?placeid=ChIJSeCpXAAPGTkRozFAuyoJWM0&q=auto+repair+shop+lahore&authuser=0&hl=en",,"Mechanic",,"","03094346848",12,5,31.4936875,74.4315625,,"TRUE","Tuesday: Open 24 hours, Wednesday: Open 24 hours, Thursday: Open 24 hours, Friday: Open 24 hours, Saturday: Open 24 hours, Sunday: Open 24 hours, Monday: Open 24 hours",,,,,"Tibba"
"ChIJO6JKSwADGTkR6N38Z2LYNk8","Shahzad Autos | Auto Repair Workshop | Lahore","14 Km Main Multan Rd, opposite Metro Cash & Carry Store, Canal Colony, Lahore, 54000, Pakistan","https://www.google.com/maps?cid=5707987494901702120","https://search.google.com/local/reviews?placeid=ChIJO6JKSwADGTkR6N38Z2LYNk8&q=auto+repair+shop+lahore&authuser=0&hl=en","14 Km Main Multan Rd, opposite Metro Cash & Carry Store","Auto repair shop",,"Offerings: Oil change; Amenities: Mechanic, Restroom; Payments: Cash-only","03044775432",3,4.3,31.4698215,74.2348426,,"TRUE","Tuesday: 10 AM–10 PM, Wednesday: 10 AM–10 PM, Thursday: 10 AM–10 PM, Friday: 10 AM–10 PM, Saturday: 10 AM–10 PM, Sunday: 10 AM–5 PM, Monday: 10 AM–10 PM",,,,,"Canal Colony"
"ChIJ6Wppc_ABGTkRtsNY3xl2Wcw","HA AutoCare Garage","near Gulshan Yaseen Colony, Gulshan Yaseen Colony, Lahore, 42000, Pakistan","https://www.google.com/maps?cid=14724930310157943734","https://search.google.com/local/reviews?placeid=ChIJ6Wppc_ABGTkRtsNY3xl2Wcw&q=auto+repair+shop+lahore&authuser=0&hl=en","near Gulshan Yaseen Colony","Oil change service, Auto bodywork mechanic, Mechanic","Onsite services","Service options: Onsite services; Accessibility: Wheelchair accessible entrance, Wheelchair accessible parking lot, Assistive hearing loop, Wheelchair accessible restroom, Wheelchair accessible seating; Offerings: Oil change; Payments: NFC mobile payments","03065641861",43,4.8,31.435980699999998,74.370983,"https://www.facebook.com/profile.php?id=61554853779980&mibextid=ZbWKwL","TRUE","Tuesday: Open 24 hours, Wednesday: Open 24 hours, Thursday: Open 24 hours, Friday: Open 24 hours, Saturday: Open 24 hours, Sunday: Open 24 hours, Monday: Open 24 hours",,,,,"Gulshan Yaseen Colony"
"ChIJTbfFUSQDGTkRYBNR634ElIw","Liaqat Auto Workshop","20 C Raiwind Rd, near Punjab Bank, Block D Nawab Town, Lahore, 54700, Pakistan","https://www.google.com/maps?cid=10129726405023437664","https://search.google.com/local/reviews?placeid=ChIJTbfFUSQDGTkRYBNR634ElIw&q=auto+repair+shop+lahore&authuser=0&hl=en","20 C Raiwind Rd, near Punjab Bank","Auto electrical service, Auto air conditioning service","Onsite services","Service options: Onsite services","03026883615",174,4.9,31.4544173,74.2457786,,"TRUE","Tuesday: 9 AM–11 PM, Wednesday: 9 AM–11 PM, Thursday: 9 AM–11 PM, Friday: 9 AM–11 PM, Saturday: 9 AM–11 PM, Sunday: 9 AM–11 PM, Monday: 9 AM–11 PM",,,,,"Block D Nawab Town"
"ChIJL-TiZpARGTkRkDpPslVuHPY","Abu bakar","HCF6+W47, Fateh Garh Fatehgarh, Lahore, 54850, Pakistan","https://www.google.com/maps?cid=17734170747020982928","https://search.google.com/local/reviews?placeid=ChIJL-TiZpARGTkRkDpPslVuHPY&q=auto+repair+shop+lahore&authuser=0&hl=en","HCF6+W47","Motorcycle repair shop",,"Amenities: Mechanic",,2,3,31.574781599999998,74.4103058,,"FALSE","",,,,,"Fateh Garh Fatehgarh"
"ChIJXSf7iuQDGTkRh5OA2RWjlPA","IQwheels","1002-E1 Block Barkat Ali Rd, Block E1 Block E 1 Phase 1 Johar Town, Lahore, 54770, Pakistan","https://www.google.com/maps?cid=17335660179894604679","https://search.google.com/local/reviews?placeid=ChIJXSf7iuQDGTkRh5OA2RWjlPA&q=auto+repair+shop+lahore&authuser=0&hl=en","1002-E1 Block Barkat Ali Rd","Auto repair shop","Onsite services","Service options: Onsite services; Accessibility: Wheelchair accessible restroom; Amenities: Mechanic, Restroom","03115051893",129,4.5,31.4718295,74.294767,,"TRUE","Tuesday: Open 24 hours, Wednesday: Open 24 hours, Thursday: Open 24 hours, Friday: Open 24 hours, Saturday: Open 24 hours, Sunday: Open 24 hours, Monday: Open 24 hours",,,,,"Block E1 Block E 1 Phase 1 Johar Town"
"ChIJNR9mCwADGTkRpt9NkD7cwGk","Bismillah Auto workshop","13A, E-1 Society, Johar Town Block E 1 Phase 1 Johar Town, Lahore, Pakistan","https://www.google.com/maps?cid=7620332730777984934","https://search.google.com/local/reviews?placeid=ChIJNR9mCwADGTkRpt9NkD7cwGk&q=auto+repair+shop+lahore&authuser=0&hl=en","13A","Auto repair shop",,"Amenities: Mechanic","03002221127",13,5,31.468139599999997,74.2921614,,"FALSE","Tuesday: 8 AM–11 PM, Wednesday: 8 AM–11 PM, Thursday: 8 AM–11 PM, Friday: 8 AM–11 PM, Saturday: 8 AM–11 PM, Sunday: 8 AM–11 PM, Monday: 10 AM–11 PM",,,,,"E-1 Society, Johar Town Block E 1 Phase 1 Johar Town"
"ChIJP7FpKkgHGTkR3tC3uDUPZGQ","Defence Autocare Workshop","Plot 340, D Block Block D Punjab CHS, Lahore, Pakistan","https://www.google.com/maps?cid=7233923624870596830","https://search.google.com/local/reviews?placeid=ChIJP7FpKkgHGTkR3tC3uDUPZGQ&q=auto+repair+shop+lahore&authuser=0&hl=en","Plot 340","Auto repair shop",,"Amenities: Mechanic","03064347668",5,4.6,31.4557081,74.3720534,,"FALSE","Tuesday: 9 AM–9 PM, Wednesday: 9 AM–9 PM, Thursday: 9 AM–9 PM, Friday: 9 AM–9 PM, Saturday: 9 AM–9 PM, Sunday: Closed, Monday: 9 AM–9 PM",,,,,"D Block Block D Punjab CHS"
"ChIJnQ0sEKs8UoYRypEUUEQf3ic","Ustad Haji Muhammad Ilyas Auto Workshop","Fort Rd, near Akhara Shaiyah Pehlwan, Shahi Mohallah Walled City of Lahore, Lahore, 54000, Pakistan","https://www.google.com/maps?cid=2872767990570717642","https://search.google.com/local/reviews?placeid=ChIJnQ0sEKs8UoYRypEUUEQf3ic&q=auto+repair+shop+lahore&authuser=0&hl=en","Fort Rd, near Akhara Shaiyah Pehlwan","Car repair and maintenance service",,"","03086805657",1,5,31.5866704,74.31196349999999,,"TRUE","Tuesday: 9 AM–10 PM, Wednesday: 9 AM–10 PM, Thursday: 9 AM–10 PM, Friday: 9 AM–10 PM, Saturday: 9 AM–10 PM, Sunday: 9 AM–10 PM, Monday: 9 AM–8 PM",,,,,"Shahi Mohallah Walled City of Lahore"
"ChIJm7C0qkYdGTkRMHLO_6jSaio","Waheed Auto Mechanic","Shop No, H8J2+Q8P, 6 Shah Jahan Rd, Bilal Ganj Lahore, 05461, Pakistan","https://www.google.com/maps?cid=3056486920412361264","https://search.google.com/local/reviews?placeid=ChIJm7C0qkYdGTkRMHLO_6jSaio&q=auto+repair+shop+lahore&authuser=0&hl=en","Shop No, H8J2+Q8P, 6 Shah Jahan Rd","Mechanic","Onsite services","Service options: Onsite services; Accessibility: Assisted listening devices, Assistive hearing loop, Wheelchair accessible entrance, Wheelchair accessible parking lot, Wheelchair accessible restroom, Wheelchair accessible seating; Offerings: Oil change; Amenities: Gender-neutral restroom; Payments: Credit cards","03164256110",3,5,31.5811921,74.3008473,,"TRUE","Tuesday: 9 AM–11 PM, Wednesday: 9 AM–11 PM, Thursday: 9 AM–11 PM, Friday: 9 AM–11 PM, Saturday: 9 AM–11 PM, Sunday: Closed, Monday: 9 AM–11 PM",,,,,"Bilal Ganj"
"ChIJ8Y3phLoBGTkRVSeBA9kZI8I","Fareed Motors One Stop Shop","408 Khayaban-e-Jinnah, Nasheman Iqbal Phase 1 Nasheman-e-Iqbal Housing Society, Lahore, Pakistan","https://www.google.com/maps?cid=13989053287400286037","https://search.google.com/local/reviews?placeid=ChIJ8Y3phLoBGTkRVSeBA9kZI8I&q=auto+repair+shop+lahore&authuser=0&hl=en","408 Khayaban-e-Jinnah","Auto repair shop, Auto market, Auto parts market, Oil change service, Auto tune up service, Car dealer, Car wash, Wheel alignment service","Onsite services","Service options: Onsite services; Accessibility: Wheelchair accessible parking lot, Wheelchair accessible restroom; Offerings: Oil change; Payments: Credit cards, Debit cards, NFC mobile payments, Credit cards","03111101407",959,4.6,31.429299,74.2506499,"http://www.fareedmotors.co/","TRUE","Tuesday: 9 AM–10 PM, Wednesday: 9 AM–10 PM, Thursday: 9 AM–10 PM, Friday: 9 AM–12 PM, Saturday: 9 AM–10 PM, Sunday: 9 AM–10 PM, Monday: 9 AM–10 PM",,,,,"Nasheman Iqbal Phase 1 Nasheman-e-Iqbal Housing Society"
"ChIJHU8Gm_4FGTkRffmA42F0k7E","Universal service station and auto repair workshop","G8GW+5RH, Block G Gulberg 2, Lahore, Pakistan","https://www.google.com/maps?cid=12795698930067241341","https://search.google.com/local/reviews?placeid=ChIJHU8Gm_4FGTkRffmA42F0k7E&q=auto+repair+shop+lahore&authuser=0&hl=en","G8GW+5RH","Car wash",,"","03490439301",3,4.7,31.5254464,74.3471185,,"FALSE","Tuesday: 8:30 AM–8 PM, Wednesday: 8:30 AM–8 PM, Thursday: 8:30 AM–8 PM, Friday: 8:30 AM–8 PM, Saturday: 8:30 AM–8 PM, Sunday: 8:30 AM–8 PM, Monday: 8:30 AM–8 PM",,,,,"Block G Gulberg 2"
"ChIJsaJWoX0BGTkRZLrWGpN03sc","AM Car Clinic","Zahoor Elahi Rd, near Total pump, Canal Park Lahore, Pakistan","https://www.google.com/maps?cid=14402076833536719460","https://search.google.com/local/reviews?placeid=ChIJsaJWoX0BGTkRZLrWGpN03sc&q=auto+repair+shop+lahore&authuser=0&hl=en","Zahoor Elahi Rd, near Total pump","Mechanic",,"Accessibility: Wheelchair accessible entrance, Wheelchair accessible parking lot","03314445556",13,5,31.524539899999997,74.3409717,,"TRUE","Tuesday: 9:30 AM–7 PM, Wednesday: 9:30 AM–7:30 PM, Thursday: 9:30 AM–7:30 PM, Friday: 9:30 AM–7:30 PM, Saturday: 9:30 AM–7:30 PM, Sunday: Closed, Monday: 9:30 AM–7:30 PM",,,,,"Canal Park"
"ChIJ93jUikvovYgRoNaA9oOMZBg","Auto 711","Bedian Rd, near phase 5 dha, stop Jamun, Lahore, 54792, Pakistan","https://www.google.com/maps?cid=1757684252985579168","https://search.google.com/local/reviews?placeid=ChIJ93jUikvovYgRoNaA9oOMZBg&q=auto+repair+shop+lahore&authuser=0&hl=en","Bedian Rd, near phase 5 dha","Car repair and maintenance service, Auto body shop, Auto bodywork mechanic, Auto painting, Auto parts store, Auto radiator repair service, Auto restoration service, Car dealer","Onsite services","Service options: Onsite services; Accessibility: Wheelchair accessible entrance, Wheelchair accessible parking lot, Wheelchair accessible seating, Assistive hearing loop, Wheelchair accessible restroom; Amenities: Gender-neutral restroom; Payments: Credit cards, Debit cards, NFC mobile payments, Credit cards","03037777711",15,4.9,31.4689852,74.431097,"http://www.auto711.com/","TRUE","Tuesday: 9 AM–9 PM, Wednesday: 9 AM–9 PM, Thursday: 9 AM–9 PM, Friday: 9 AM–9 PM, Saturday: 9 AM–9 PM, Sunday: Closed, Monday: 9 AM–9 PM",,"https://wa.me/923037777711?text=Hi%20Auto%20711%20Services%2C%20I%20want%20to%20book%20a%20car%20service.%20Please%20guide.",,,"stop Jamun"
"ChIJvXoGxoUBGTkRBjoNxjPvQPc","Safdar Auto Workshop","C7XG+3R6, St 4, Block R2 Phase 2 Johar Town, Lahore, 54770, Pakistan","https://www.google.com/maps?cid=17816503131522808326","https://search.google.com/local/reviews?placeid=ChIJvXoGxoUBGTkRBjoNxjPvQPc&q=auto+repair+shop+lahore&authuser=0&hl=en","C7XG+3R6, St 4","Mechanic",,"","03073706385",28,4.8,31.447664099999997,74.27700899999999,,"FALSE","Tuesday: Open 24 hours, Wednesday: Open 24 hours, Thursday: Open 24 hours, Friday: Open 24 hours, Saturday: Open 24 hours, Sunday: Open 24 hours, Monday: Open 24 hours",,,,,"Block R2 Phase 2 Johar Town"
"ChIJMwogaxMFGTkRjGxcXB1ANNg","Friends Auto Workshop - Maintenance Services & Spare Parts","Nishat Colony Lahore, Pakistan","https://www.google.com/maps?cid=15579147505829178508",,,"Car repair and maintenance service, Auto parts store, Mechanic",,"","03214145429",,,31.492540599999998,74.39246109999999,,"FALSE","Tuesday: 7 AM–10 PM, Wednesday: 7 AM–10 PM, Thursday: 7 AM–10 PM, Friday: 7 AM–10 PM, Saturday: 7 AM–10 PM, Sunday: 7 AM–10 PM, Monday: 7 AM–10 PM",,,,,"Nishat Colony"
"ChIJQWEeUUIBGTkRMOBuk42P95E","Dr. Shahid Auto Workshop (Wheel Alignment and Balancing)","33 A, Block A Audit and Accounts Housing Society, Lahore, Pakistan","https://www.google.com/maps?cid=10518033292973760560","https://search.google.com/local/reviews?placeid=ChIJQWEeUUIBGTkRMOBuk42P95E&q=auto+repair+shop+lahore&authuser=0&hl=en","33 A","Auto repair shop",,"Amenities: Mechanic; Payments: Cash-only","03041941826",49,4.6,31.401077299999997,74.2723954,,"TRUE","Tuesday: Open 24 hours, Wednesday: Open 24 hours, Thursday: Open 24 hours, Friday: Open 24 hours, Saturday: Open 24 hours, Sunday: Open 24 hours, Monday: Open 24 hours",,,,,"Block A Audit and Accounts Housing Society"
"ChIJUTioi6cRGTkRZeq97jqjCUs","Mughal and sons auto spare parts","HCPJ+G6Q, Wara Sittar Lahore, Pakistan","https://www.google.com/maps?cid=5407032301143845477",,"HCPJ+G6Q","Motorcycle repair shop",,"Amenities: Mechanic",,,,31.5863402,74.43059819999999,,"FALSE","",,,,,"Wara Sittar"
"ChIJ68Z8z6sbGTkRfBqKt2VXjug","Kuwait Autoکویت آٹوز","AH1, Singhpura, Lahore, Pakistan","https://www.google.com/maps?cid=16757427357874788988","https://search.google.com/local/reviews?placeid=ChIJ68Z8z6sbGTkRfBqKt2VXjug&q=auto+repair+shop+lahore&authuser=0&hl=en","AH1","Mechanic",,"","03078365986",1,5,31.575834399999998,74.3530356,,"FALSE","Tuesday: 11 AM–8:30 PM, Wednesday: 11 AM–8:30 PM, Thursday: 11 AM–8:30 PM, Friday: 11 AM–8:30 PM, Saturday: 11 AM–8:30 PM, Sunday: Closed, Monday: 11 AM–8:30 PM",,,,,"Singhpura"
"ChIJ_dTvKwAJGTkROxJAJxuQ1jk","Saqlain auto workshop","FC4V+HR8 Lahore, PACE Woodlands, Lahore, Pakistan","https://www.google.com/maps?cid=4167676951474999867","https://search.google.com/local/reviews?placeid=ChIJ_dTvKwAJGTkROxJAJxuQ1jk&q=auto+repair+shop+lahore&authuser=0&hl=en","FC4V+HR8 Lahore","Auto repair shop",,"Amenities: Mechanic","03034099863",6,5,31.4564234,74.4446167,,"TRUE","Tuesday: 9 AM–9:30 PM, Wednesday: 9 AM–9:30 PM, Thursday: 9 AM–9:30 PM, Friday: 9 AM–9:30 PM, Saturday: 9 AM–9:30 PM, Sunday: 9 AM–9:30 PM, Monday: 9 AM–9:30 PM",,,,,"PACE Woodlands"
"ChIJMyHrG5gcGTkRSq_WMSyiguo","City Auto Workshop And Car AC Center","H8J2+86F, Bilal Ganj Lahore, Pakistan","https://www.google.com/maps?cid=16898247062545936202","https://search.google.com/local/reviews?placeid=ChIJMyHrG5gcGTkRSq_WMSyiguo&q=auto+repair+shop+lahore&authuser=0&hl=en","H8J2+86F","Car repair and maintenance service",,"","03014469731",40,3.8,31.5808236,74.3005338,,"FALSE","Tuesday: 8 AM–10 PM, Wednesday: 8 AM–10 PM, Thursday: 8 AM–10 PM, Friday: 8 AM–10 PM, Saturday: 8 AM–10 PM, Sunday: Closed, Monday: 8 AM–10 PM",,,,,"Bilal Ganj"
"ChIJW9zpS64FGTkRt8S5wI39FLU","Ramzan Mechanic Car Workshop","229 Lahore – Kasur Rd, St Mary Colony, Lahore, 54800, Pakistan","https://www.google.com/maps?cid=13048332805664785591","https://search.google.com/local/reviews?placeid=ChIJW9zpS64FGTkRt8S5wI39FLU&q=auto+repair+shop+lahore&authuser=0&hl=en","229 Lahore – Kasur Rd","Auto repair shop, Auto parts store, Auto radiator repair service, Car repair and maintenance service, Car inspection station, Chauffeur service, Mechanic, Racing car parts store",,"","03064300380",12,3.9,31.5068049,74.3309524,,"TRUE","Tuesday: 9 AM–1 AM, Wednesday: 9 AM–1 AM, Thursday: 9 AM–1 AM, Friday: 9 AM–1 AM, Saturday: 9 AM–1 AM, Sunday: 9 AM–1 AM, Monday: 9 AM–1 AM",,"https://api.whatsapp.com/send?phone=923064300380&text=",,,"Saint Mary Colony"
"ChIJL6bQBjsPGTkRwg3I8NGbynA","Apna Studio","HCCH+JHG, Service Rd, Harbanspura, Lahore, Pakistan","https://www.google.com/maps?cid=8127479803533594050","https://search.google.com/local/reviews?placeid=ChIJL6bQBjsPGTkRwg3I8NGbynA&q=auto+repair+shop+lahore&authuser=0&hl=en","HCCH+JHG, Service Rd","Motorcycle repair shop",,"Amenities: Mechanic",,3,3.7,31.5715747,74.428952,,"FALSE","Tuesday: 9 AM–12 PM, Wednesday: 9 AM–12 PM, Thursday: 9 AM–12 PM, Friday: 9 AM–12 PM, Saturday: Open 24 hours, Sunday: Open 24 hours, Monday: 9 AM–12 PM",,,,,"Harbanspura"
"ChIJ6TLN2gwDGTkRY2RERW7qI8E","Dubai Auto Computerized Workshop","Link, Gosia Colony, link Wahdat Road, Wahdat Road, Kamboh Colony, Lahore, 54000, Pakistan","https://www.google.com/maps?cid=13917225032834376803","https://search.google.com/local/reviews?placeid=ChIJ6TLN2gwDGTkRY2RERW7qI8E&q=auto+repair+shop+lahore&authuser=0&hl=en","Link, Gosia Colony, link Wahdat Road, Wahdat Road","Auto repair shop",,"Amenities: Mechanic","03434343638",5,5,31.5183771,74.2998192,,"TRUE","Tuesday: 10 AM–9 PM, Wednesday: 10 AM–9 PM, Thursday: 10 AM–9 PM, Friday: 10 AM–9 PM, Saturday: 9 AM–9 PM, Sunday: Closed, Monday: 10 AM–9 PM",,,,,"Kamboh Colony"
"ChIJ8eX7q8IDGTkRtg5g7BpyHoU","Auto Refine Car Repairing Workshop","726-F2Block, Plot 726, F 2 Block F 2 Phase 1 Johar Town, Lahore, Pakistan","https://www.google.com/maps?cid=9592229716306169526","https://search.google.com/local/reviews?placeid=ChIJ8eX7q8IDGTkRtg5g7BpyHoU&q=auto+repair+shop+lahore&authuser=0&hl=en","726-F2Block, Plot 726","Auto repair shop","Onsite services","Service options: Onsite services; Amenities: Mechanic, Restroom; Planning: Appointments recommended","03051976730",23,4.3,31.4678184,74.281959,,"FALSE","Tuesday: Open 24 hours, Wednesday: Open 24 hours, Thursday: Open 24 hours, Friday: Open 24 hours, Saturday: Open 24 hours, Sunday: 10 AM–7 PM, Monday: Open 24 hours",,,,,"F 2 Block F 2 Phase 1 Johar Town"
"ChIJAT0cAwAFGTkReWuQIbWg4wM","Shafiq auto workshop","H-3, 313 Expo Center Rd, Block H-3 Block H 3 Phase 2 Johar Town, Lahore, Pakistan","https://www.google.com/maps?cid=280244301639740281","https://search.google.com/local/reviews?placeid=ChIJAT0cAwAFGTkReWuQIbWg4wM&q=auto+repair+shop+lahore&authuser=0&hl=en","H-3, 313 Expo Center Rd","Auto air conditioning service","Onsite services","Service options: Onsite services","03016700072",36,4.8,31.4686645,74.2604652,,"TRUE","Tuesday: 9 AM–11 PM, Wednesday: 9 AM–11 PM, Thursday: 9 AM–11 PM, Friday: 9 AM–11 PM, Saturday: 9 AM–11 PM, Sunday: 9 AM–11 PM, Monday: 9 AM–11 PM",,,,,"Block H-3 Block H 3 Phase 2 Johar Town"
"ChIJjUIFhdMBGTkR5H7VZHm-QcA","Autosource","Chudhary chowk, PIA Main Boulevard, Block D Phase 1 Johar Town, Lahore, 54000, Pakistan","https://www.google.com/maps?cid=13853563357360389860","https://search.google.com/local/reviews?placeid=ChIJjUIFhdMBGTkR5H7VZHm-QcA&q=auto+repair+shop+lahore&authuser=0&hl=en","Chudhary chowk, PIA Main Boulevard","Auto repair shop","Onsite services","Service options: Onsite services; Accessibility: Wheelchair accessible entrance, Wheelchair accessible parking lot; Amenities: Mechanic, Restroom","03008451158",129,4.6,31.455195699999997,74.28944,"http://www.autosource.co/","TRUE","Tuesday: 11 AM–7 PM, Wednesday: 11 AM–7 PM, Thursday: 11 AM–7 PM, Friday: 11 AM–7 PM, Saturday: 11 AM–7 PM, Sunday: Closed, Monday: 10 AM–7 PM",,,,,"Block D Phase 1 Johar Town"
"ChIJRXJg_6gBGTkR8vo5SlGapCE","Alkhalidia auto workshop","F73H+X67, Shadewal Rd, near cakes and bakes, Block A Johar Town, Lahore, Pakistan","https://www.google.com/maps?cid=2424232173360511730","https://search.google.com/local/reviews?placeid=ChIJRXJg_6gBGTkR8vo5SlGapCE&q=auto+repair+shop+lahore&authuser=0&hl=en","F73H+X67, Shadewal Rd, near cakes and bakes","Auto repair shop",,"Amenities: Mechanic","03072065195",37,4.5,31.454911799999998,74.2780439,,"FALSE","Tuesday: Open 24 hours, Wednesday: Open 24 hours, Thursday: Open 24 hours, Friday: Open 24 hours, Saturday: Open 24 hours, Sunday: Open 24 hours, Monday: Open 24 hours",,,,,"Block A Johar Town"
"ChIJq2lP6tEFGTkR6Bju-R-jpyc","Al Sheikh Service Station & Workshop Auto","Main Walton Rd, Qadri Colony Madina Colony, Lahore, 54000, Pakistan","https://www.google.com/maps?cid=2857431846322313448","https://search.google.com/local/reviews?placeid=ChIJq2lP6tEFGTkR6Bju-R-jpyc&q=auto+repair+shop+lahore&authuser=0&hl=en","Main Walton Rd","Auto tune up service",,"","03214450413",8,4.4,31.4866982,74.36592999999999,,"FALSE","Tuesday: 8 AM–9 PM, Wednesday: 8 AM–9 PM, Thursday: 8 AM–9 PM, Friday: 8 AM–9 PM, Saturday: 8 AM–9 PM, Sunday: 8 AM–9 PM, Monday: 8 AM–9 PM",,,,,"Qadri Colony Madina Colony"
"ChIJZXvzUfgDGTkR1nBaD_odswA","Abid Computerised Vehicle Tune Up","F8H5+FQG, Block N Model Town, Lahore, 54000, Pakistan","https://www.google.com/maps?cid=50416980667822294","https://search.google.com/local/reviews?placeid=ChIJZXvzUfgDGTkR1nBaD_odswA&q=auto+repair+shop+lahore&authuser=0&hl=en","F8H5+FQG","Mechanic","Onsite services","Service options: Onsite services; Payments: Credit cards, Debit cards, NFC mobile payments","03008109402",645,4.6,31.4786875,74.3094375,,"FALSE","Tuesday: 9 AM–8 PM, Wednesday: 9 AM–8 PM, Thursday: 9 AM–8 PM, Friday: 9 AM–8 PM, Saturday: 9 AM–8 PM, Sunday: 11 AM–4 PM, Monday: 9 AM–8 PM",,,,,"Block N Model Town"
"ChIJ2zXMuq8FGTkRqJXGXkJVkJM","Bismillah Auto Workshop","65 Katcha Ferozpur Rd, Jinnah Town, Lahore, 54000, Pakistan","https://www.google.com/maps?cid=10633092463768016296","https://search.google.com/local/reviews?placeid=ChIJ2zXMuq8FGTkRqJXGXkJVkJM&q=auto+repair+shop+lahore&authuser=0&hl=en","65 Katcha Ferozpur Rd","Car repair and maintenance service","Onsite services","Service options: Onsite services; Accessibility: Wheelchair accessible entrance","03214604764",8,5,31.542635299999997,74.3161282,,"TRUE","Tuesday: 9 AM–10 PM, Wednesday: 9 AM–10 PM, Thursday: 9 AM–10 PM, Friday: 9 AM–10 PM, Saturday: 9 AM–10 PM, Sunday: Closed, Monday: 9 AM–10 PM",,,,,"Jinnah Town"
"ChIJrUVI69sPGTkRykgyuj6vvcA","Saeed sons Auto solution","Service Road, Leel Block A H.B.F.C Society, Lahore, Pakistan","https://www.google.com/maps?cid=13888449509827168458","https://search.google.com/local/reviews?placeid=ChIJrUVI69sPGTkRykgyuj6vvcA&q=auto+repair+shop+lahore&authuser=0&hl=en","Service Road","Auto repair shop",,"Offerings: Oil change; Amenities: Mechanic","03238484629",4,4.8,31.4528854,74.4099719,,"TRUE","Tuesday: 9 AM–6 PM, Wednesday: 9 AM–6 PM, Thursday: 9 AM–6 PM, Friday: 9 AM–6 PM, Saturday: 9 AM–6 PM, Sunday: 9 AM–6 PM, Monday: 9 AM–6 PM",,,,,"Leel Block A H.B.F.C Society"
"ChIJRUhUl6YEGTkRRyWJ5-WDaYk","Universal Autos","11A, Near Tamaseel Centre, Ferozpur Rd Mozang Chungi, Shadman, Lahore, 54610, Pakistan","https://www.google.com/maps?cid=9901590279206020423","https://search.google.com/local/reviews?placeid=ChIJRUhUl6YEGTkRRyWJ5-WDaYk&q=auto+repair+shop+lahore&authuser=0&hl=en","11A, Near Tamaseel Centre, Ferozpur Rd Mozang Chungi","Auto repair shop","Onsite services","Service options: Onsite services; Accessibility: Wheelchair accessible entrance, Wheelchair accessible restroom; Amenities: Mechanic, Restroom; Payments: Debit cards, Credit cards","03009412480",82,4,31.544922399999997,74.3171193,,"TRUE","Tuesday: 9 AM–10 PM, Wednesday: 9 AM–10 PM, Thursday: 9 AM–10 PM, Friday: 9 AM–10 PM, Saturday: 9 AM–10 PM, Sunday: 9 AM–10 PM, Monday: 9 AM–10 PM",,,,,"Shadman"
"ChIJ32h_wuMBGTkRy038QIkhtF0","Xpert auto Repair Workshop","876, Block R1, Block R Block R 1 Phase 2 Johar Town, Lahore, 54782, Pakistan","https://www.google.com/maps?cid=6752058614719729099","https://search.google.com/local/reviews?placeid=ChIJ32h_wuMBGTkRy038QIkhtF0&q=auto+repair+shop+lahore&authuser=0&hl=en","876, Block R1","Auto repair shop",,"Accessibility: Wheelchair accessible parking lot, Wheelchair accessible entrance; Amenities: Mechanic","03154255355",4,5,31.459871,74.2727254,,"TRUE","Tuesday: Open 24 hours, Wednesday: Open 24 hours, Thursday: Open 24 hours, Friday: Open 24 hours, Saturday: Open 24 hours, Sunday: Open 24 hours, Monday: Open 24 hours",,,,,"Block R Block R 1 Phase 2 Johar Town"
"ChIJ7ftMsW4BGTkRr_cpJUfQd8c","PROFIX GARAGE","E5-C, Street no 2, Bedian Rd, Sadaat Town Cantt, Lahore, 54000, Pakistan","https://www.google.com/maps?cid=14373185739760990127","https://search.google.com/local/reviews?placeid=ChIJ7ftMsW4BGTkRr_cpJUfQd8c&q=auto+repair+shop+lahore&authuser=0&hl=en","E5-C, Street no 2, Bedian Rd","Car repair and maintenance service","Onsite services","Service options: Onsite services; Accessibility: Wheelchair accessible entrance, Wheelchair accessible parking lot","03212666674",125,4.6,31.4712048,74.4268598,,"TRUE","Tuesday: 10 AM–7:30 PM, Wednesday: 10 AM–7:30 PM, Thursday: 10 AM–7:30 PM, Friday: 10 AM–7:30 PM, Saturday: 10 AM–7:30 PM, Sunday: Closed, Monday: 10 AM–7:30 PM",,,,,"Sadaat Town Cantt"
"ChIJBbpgUQD_GDkRMdg9JBLJXqQ","Zayan autos workshop","Jalyana market, Block N Gulberg III, Lahore, Pakistan","https://www.google.com/maps?cid=11844125149785610289","https://search.google.com/local/reviews?placeid=ChIJBbpgUQD_GDkRMdg9JBLJXqQ&q=auto+repair+shop+lahore&authuser=0&hl=en","Jalyana market","Car repair and maintenance service",,"","03216167922",3,4.7,31.5203696,74.35874729999999,,"TRUE","Tuesday: 9 AM–8 PM, Wednesday: 9 AM–8 PM, Thursday: 9 AM–8 PM, Friday: 9 AM–8 PM, Saturday: 9 AM–8 PM, Sunday: 9 AM–8 PM, Monday: 9 AM–8 PM",,,,,"Block N Gulberg III"
"ChIJyfeSMnv_GDkRYkpb5f5zqu8","Rao Tariq Auto Repar electrician & Car AC Repar","BM auto wark shop Bharea, gat numbar 1, Jilyana, Lahore, 53720, Pakistan","https://www.google.com/maps?cid=17269743259712440930","https://search.google.com/local/reviews?placeid=ChIJyfeSMnv_GDkRYkpb5f5zqu8&q=auto+repair+shop+lahore&authuser=0&hl=en","BM auto wark shop Bharea, gat numbar 1","Auto repair shop",,"Accessibility: Wheelchair accessible entrance, Wheelchair accessible parking lot; Amenities: Mechanic","03444318824",60,5,31.3923927,74.1885609,,"TRUE","Tuesday: 10 AM–8 PM, Wednesday: 10 AM–8 PM, Thursday: 10 AM–8 PM, Friday: Closed, Saturday: 10 AM–8 PM, Sunday: 10 AM–8 PM, Monday: 10 AM–8:30 PM",,,,,"Jilyana"
"ChIJPYDi8PsDGTkRo-2_rQrYrz8","Mashallah Auto Workshop","Moon Market Civic Centre, Qazi Isa Rd, Block C1, Faisal Town, Commercial Area Faisal Town, Lahore, 54000, Pakistan","https://www.google.com/maps?cid=4589124085690133923","https://search.google.com/local/reviews?placeid=ChIJPYDi8PsDGTkRo-2_rQrYrz8&q=auto+repair+shop+lahore&authuser=0&hl=en","Moon Market Civic Centre, Qazi Isa Rd, Block C1, Faisal Town","Auto repair shop",,"Accessibility: Wheelchair accessible entrance, Wheelchair accessible parking lot; Amenities: Mechanic","03009426079",32,4.2,31.4753364,74.3049339,,"FALSE","Tuesday: 10 AM–11 PM, Wednesday: 10 AM–11 PM, Thursday: 10 AM–11 PM, Friday: 10 AM–11 PM, Saturday: 10 AM–11 PM, Sunday: Closed, Monday: 10 AM–11 PM",,,,,"Civic Center Commercial Area Faisal Town"
"ChIJZ9jDVGcBGTkRr_-Ffi-rsLs","Ali Rehman Auto Workshop","17, Block A Naz Town, Lahore, 54000, Pakistan","https://www.google.com/maps?cid=13524497901468123055","https://search.google.com/local/reviews?placeid=ChIJZ9jDVGcBGTkRr_-Ffi-rsLs&q=auto+repair+shop+lahore&authuser=0&hl=en","17","Mechanic",,"","03060651667",14,4.6,31.4041529,74.26692299999999,,"TRUE","Tuesday: 8:30 AM–9:30 PM, Wednesday: 8:30 AM–9:30 PM, Thursday: 8:30 AM–9:30 PM, Friday: Closed, Saturday: 8:30 AM–9:30 PM, Sunday: 8:30 AM–9:30 PM, Monday: 8:30 AM–9:30 PM",,,,,"Block A Naz Town"
"ChIJI412oUQFGTkRkBukSaVNMX8","Mirza Auto HONDA Workshop 2","H no 30, 93 Gurumangat Rd opposite Gas office Gulberg Gulburg, 3, Block A 2 Gulberg III, Lahore, 54000, Pakistan","https://www.google.com/maps?cid=9165192088976104336","https://search.google.com/local/reviews?placeid=ChIJI412oUQFGTkRkBukSaVNMX8&q=auto+repair+shop+lahore&authuser=0&hl=en","H no 30, 93 Gurumangat Rd opposite Gas office Gulberg Gulburg, 3","Motorcycle repair shop",,"Amenities: Mechanic","03334266397",1,5,31.5102093,74.3572238,,"TRUE","Tuesday: 9:30 AM–8 PM, Wednesday: 9 AM–8 PM, Thursday: 9 AM–8 PM, Friday: 9 AM–8 PM, Saturday: 9 AM–8 PM, Sunday: Closed, Monday: 9 AM–8 PM",,,,,"Gurumangat Block A 2 Gulberg III"
"ChIJ-UcN2p6rGTkRPYANvcsRhoA","Al Qayyum Twins Auto workshop","Adda plot Near lake city geat, Raiwind Rd, Lahore, Pakistan","https://www.google.com/maps?cid=9261109250481815613","https://search.google.com/local/reviews?placeid=ChIJ-UcN2p6rGTkRPYANvcsRhoA&q=auto+repair+shop+lahore&authuser=0&hl=en","Adda plot Near lake city geat, Raiwind Rd","Auto repair shop",,"Amenities: Mechanic","03094354347",17,4.9,31.3581257,74.235406,,"TRUE","Tuesday: Open 24 hours, Wednesday: Open 24 hours, Thursday: Open 24 hours, Friday: Open 24 hours, Saturday: Open 24 hours, Sunday: Open 24 hours, Monday: Open 24 hours",,,,,
"ChIJ8V1GQQD_GDkRgvtSX3u9CnI","IK auto workshop","95RQ+M64, Carigar Restomods St, Lahore, Pakistan","https://www.google.com/maps?cid=8217588807668792194","https://search.google.com/local/reviews?placeid=ChIJ8V1GQQD_GDkRgvtSX3u9CnI&q=auto+repair+shop+lahore&authuser=0&hl=en","95RQ+M64, Carigar Restomods St","Auto repair shop",,"Amenities: Mechanic","03117992002",43,5,31.3916611,74.1880363,,"FALSE","Tuesday: Open 24 hours, Wednesday: Open 24 hours, Thursday: Open 24 hours, Friday: Open 24 hours, Saturday: Open 24 hours, Sunday: Open 24 hours, Monday: Open 24 hours",,,,,
"ChIJUfewgwj_GDkRyzNEgH60zlA","PUNJAB AUTOS WORKSHOP","18- A block Mohlanwal Road, Mohlanwal Scheme Block A society, Lahore, 54000, Pakistan","https://www.google.com/maps?cid=5822789823647462347","https://search.google.com/local/reviews?placeid=ChIJUfewgwj_GDkRyzNEgH60zlA&q=auto+repair+shop+lahore&authuser=0&hl=en","18- A block Mohlanwal Road","Auto repair shop","Onsite services","Service options: Onsite services; Accessibility: Wheelchair accessible entrance, Wheelchair accessible parking lot; Offerings: Oil change; Amenities: Mechanic, Restroom; Planning: Appointment required; Payments: Cash-only","03005556505",32,4.6,31.400736199999997,74.17593049999999,,"TRUE","Tuesday: 9 AM–8 PM, Wednesday: 9 AM–8 PM, Thursday: 9 AM–8 PM, Friday: 9 AM–10 PM, Saturday: 9 AM–8 PM, Sunday: 9 AM–8 PM, Monday: 9 AM–8 PM",,,,,"Mohlanwal Scheme Block A society"
"ChIJ1xVpYcIDGTkRtW3IIZEUgW4","SS Auto Workshop & Oil Change Shop","Multan Rd, near Canal View, Station Canal View, Lahore, 54790, Pakistan","https://www.google.com/maps?cid=7962668229737344437","https://search.google.com/local/reviews?placeid=ChIJ1xVpYcIDGTkRtW3IIZEUgW4&q=auto+repair+shop+lahore&authuser=0&hl=en","Multan Rd, near Canal View","Car repair and maintenance service",,"",,1,5,31.4810569,74.2501587,,"TRUE","Tuesday: Open 24 hours, Wednesday: Open 24 hours, Thursday: Open 24 hours, Friday: Open 24 hours, Saturday: Open 24 hours, Sunday: Open 24 hours, Monday: Open 24 hours",,,,,"Station Canal View"
"ChIJW_JV9jgFGTkRgteYJTC7BKE","Bilal autos Gulberg Lahore","Main Market, St 35, Canal Park Main Market, Lahore, 54660, Pakistan","https://www.google.com/maps?cid=11602604355476838274","https://search.google.com/local/reviews?placeid=ChIJW_JV9jgFGTkRgteYJTC7BKE&q=auto+repair+shop+lahore&authuser=0&hl=en","Main Market, St 35","Auto repair shop",,"Amenities: Mechanic","03220847582",7,5,31.5249341,74.3446924,,"TRUE","Tuesday: 9 AM–10 PM, Wednesday: 9 AM–10 PM, Thursday: 9 AM–10 PM, Friday: 9 AM–10 PM, Saturday: 9 AM–10 PM, Sunday: 9 AM–5 PM, Monday: 9 AM–10 PM",,,,,"Canal Park Main Market"
"ChIJn_KUFwAFGTkRYbUWL_OwZ24","Atif Auto Repair Shop","20-A Sultan Ahmed Rd, Ichhra Lahore, 54000, Pakistan","https://www.google.com/maps?cid=7955521825286829409","https://search.google.com/local/reviews?placeid=ChIJn_KUFwAFGTkRYbUWL_OwZ24&q=auto+repair+shop+lahore&authuser=0&hl=en","20-A Sultan Ahmed Rd","Auto repair shop",,"Amenities: Mechanic","03234699519",1,5,31.5285211,74.3193521,,"FALSE","",,,,,"Ichhra"
"ChIJ9U9jNxMHGTkR7H93fjTTXok","Mian Usman Auto Workshop","F93H+VXV, Shanghai Rd, DHA Phase 4 KK Block Bahadrabad, Lahore, Pakistan","https://www.google.com/maps?cid=9898581253420449772","https://search.google.com/local/reviews?placeid=ChIJ9U9jNxMHGTkR7H93fjTTXok&q=auto+repair+shop+lahore&authuser=0&hl=en","F93H+VXV, Shanghai Rd","Auto repair shop",,"Amenities: Mechanic","03214554521",2,5,31.454729699999998,74.3799701,,"FALSE","Tuesday: 9 AM–9 PM, Wednesday: 9 AM–9 PM, Thursday: 9 AM–9 PM, Friday: 9 AM–9 PM, Saturday: 9 AM–9 PM, Sunday: Closed, Monday: 9 AM–9 PM",,,,,"DHA Phase 4 KK Block Bahadrabad"
"ChIJxbb_3xgFGTkRyAC-7qEASPE","M. Asif Auto Workshop","32 N, Industrial Area Gulberg 2, Block N Gulberg III, Lahore, 54000, Pakistan","https://www.google.com/maps?cid=17386147056958963912",,"32 N, Industrial Area Gulberg 2","Auto bodywork mechanic",,"","03244113246",,,31.521685299999998,74.3574806,,"TRUE","Tuesday: 9 AM–10 PM, Wednesday: 9 AM–10 PM, Thursday: 9 AM–10 PM, Friday: 9 AM–10 PM, Saturday: 9 AM–10 PM, Sunday: 9 AM–10 PM, Monday: 9 AM–10 PM",,,,,"Jinnah Park Block N Gulberg III"
"ChIJ93sqdogBGTkRb1LtBa87XdM","Faizan e Madinah Auto workshop","24 / R1 Samsani Rd, Block R 1 Block A Johar Town, Lahore, 54000, Pakistan","https://www.google.com/maps?cid=15230395137741640303","https://search.google.com/local/reviews?placeid=ChIJ93sqdogBGTkRb1LtBa87XdM&q=auto+repair+shop+lahore&authuser=0&hl=en","24 / R1 Samsani Rd","Auto repair shop","Onsite services","Service options: Onsite services; Accessibility: Wheelchair accessible parking lot; Amenities: Mechanic; Planning: Appointment required","03227874864",14,4.4,31.457576999999997,74.2773082,,"TRUE","Tuesday: 9 AM–9 PM, Wednesday: 9 AM–9:30 PM, Thursday: 9 AM–9:30 PM, Friday: 9–9:30 AM, Saturday: 9 AM–9:30 PM, Sunday: Closed, Monday: 9 AM–9 PM",,,,,"Block R 1 Block A Johar Town"
"ChIJeS4aQvb_GDkRGLRxmC4qvfw","Azeem Auto Workshop","Fazal Market, Bahria Aa Block Sector D town, Lahore, 53720, Pakistan","https://www.google.com/maps?cid=18211758847770604568","https://search.google.com/local/reviews?placeid=ChIJeS4aQvb_GDkRGLRxmC4qvfw&q=auto+repair+shop+lahore&authuser=0&hl=en","Fazal Market","Auto repair shop, Auto air conditioning service, Auto electrical service, Auto parts store",,"Amenities: Mechanic, Restroom; Planning: Appointments recommended; Payments: Debit cards, Credit cards","03251642316",31,4.8,31.376141099999998,74.1695793,,"TRUE","Tuesday: Open 24 hours, Wednesday: Open 24 hours, Thursday: Open 24 hours, Friday: Open 24 hours, Saturday: Open 24 hours, Sunday: Open 24 hours, Monday: Open 24 hours",,,,,"Bahria Aa Block Sector D town"
"ChIJTyhgT2QDGTkRJabOX0PG95E","Dr Auto Workshop & Oil Store","H72C+7Q4, ‏Main Blvd Gulshan-e-Ravi, Sanda Bhatiyan Block K Gulshan-e-Ravi, Lahore, 54000, Pakistan","https://www.google.com/maps?cid=10518093447419569701","https://search.google.com/local/reviews?placeid=ChIJTyhgT2QDGTkRJabOX0PG95E&q=auto+repair+shop+lahore&authuser=0&hl=en","H72C+7Q4, ‏Main Blvd Gulshan-e-Ravi","Auto repair shop",,"Amenities: Mechanic","03222228892",2,5,31.5506624,74.2719127,,"FALSE","Tuesday: Open 24 hours, Wednesday: Open 24 hours, Thursday: Open 24 hours, Friday: Open 24 hours, Saturday: Open 24 hours, Sunday: Open 24 hours, Monday: Open 24 hours",,,,,"Sanda Bhatiyan Block K Gulshan-e-Ravi"
"ChIJKbxysWQBGTkRIudN6AqLI4g","Car Care","Shop # 26, Samsani Rd, Block R 1 Phase 2 Johar Town, Lahore, 54782, Pakistan","https://www.google.com/maps?cid=9809837292306425634","https://search.google.com/local/reviews?placeid=ChIJKbxysWQBGTkRIudN6AqLI4g&q=auto+repair+shop+lahore&authuser=0&hl=en","Shop # 26, Samsani Rd","Auto repair shop",,"Amenities: Mechanic","03366673332",39,4.1,31.4587428,74.2773979,"http://icarcares.com/","FALSE","Tuesday: 8 AM–10 PM, Wednesday: 8 AM–10 PM, Thursday: 8 AM–10 PM, Friday: 8 AM–10 PM, Saturday: 8 AM–10 PM, Sunday: Closed, Monday: 8 AM–10 PM",,,,,"Block R 1 Phase 2 Johar Town"
"ChIJzzEfTqUBGTkRDE_UY2_op0w","Maqbool auto workshop car Ac","1, Eaden residential, Missile chauk, 26 Phase, Block B Nasheman-e-Iqbal Phase 2, Lahore, 05401, Pakistan","https://www.google.com/maps?cid=5523639033107074828","https://search.google.com/local/reviews?placeid=ChIJzzEfTqUBGTkRDE_UY2_op0w&q=auto+repair+shop+lahore&authuser=0&hl=en","1, Eaden residential, Missile chauk, 26 Phase","Car battery store",,"","03034463519",3,5,31.4034694,74.2771152,,"FALSE","Tuesday: Open 24 hours, Wednesday: Open 24 hours, Thursday: Open 24 hours, Friday: Open 24 hours, Saturday: Open 24 hours, Sunday: Open 24 hours, Monday: Open 24 hours",,,,,"Block B Nasheman-e-Iqbal Phase 2"
"ChIJ89r20VEFGTkR80bnhR-OfZA","Sultan Autos Workshop & Detailing Spa","Sultan autos workshop, G8VF+H92, Unnamed Road, Jubilee Town, Lahore, Punjab 54000, Jail Rd, behind natonal, Jinnah Town, Lahore, 74000, Pakistan","https://www.google.com/maps?cid=10411634179592111859","https://search.google.com/local/reviews?placeid=ChIJ89r20VEFGTkR80bnhR-OfZA&q=auto+repair+shop+lahore&authuser=0&hl=en","Sultan autos workshop, G8VF+H92, Unnamed Road, Jubilee Town, Lahore, Punjab 54000, Jail Rd, behind natonal","Auto repair shop, Auto body shop, Auto painting, Car repair and maintenance service, Car detailing service",,"","04237424455",6,4.2,31.5439375,74.3234375,,"TRUE","Tuesday: 9:30 AM–8 PM, Wednesday: 9:30 AM–8 PM, Thursday: 9:30 AM–8 PM, Friday: 9:30 AM–8 PM, Saturday: 9:30 AM–8 PM, Sunday: Closed, Monday: 9:30 AM–8 PM",,,,,"Jinnah Town"
"ChIJfUQXGgBVGDkRgCo10-yHenk","92 Auto Workshop","Shami Auto Market, Lahore – Kasur Rd, Gulshan Yaseen Colony, Lahore, Pakistan","https://www.google.com/maps?cid=8753458276973488768","https://search.google.com/local/reviews?placeid=ChIJfUQXGgBVGDkRgCo10-yHenk&q=auto+repair+shop+lahore&authuser=0&hl=en","Shami Auto Market, Lahore – Kasur Rd","Car repair and maintenance service",,"","03464425179",3,5,31.4432087,74.3558637,,"FALSE","Tuesday: Open 24 hours, Wednesday: Open 24 hours, Thursday: Open 24 hours, Friday: Open 24 hours, Saturday: Open 24 hours, Sunday: Open 24 hours, Monday: Open 24 hours",,,,,"Gulshan Yaseen Colony"
"ChIJDfpiFvkDGTkR4tuXFlcqxCU","Nasir Car Mechanic works","Kotha Pind Block B Faisal Town, Lahore, Pakistan","https://www.google.com/maps?cid=2721346628368194530","https://search.google.com/local/reviews?placeid=ChIJDfpiFvkDGTkR4tuXFlcqxCU&q=auto+repair+shop+lahore&authuser=0&hl=en",,"Car repair and maintenance service",,"Offerings: Oil change","03004381574",51,4,31.4766642,74.3077279,,"TRUE","Tuesday: 10 AM–12 AM, Wednesday: 10 AM–12 AM, Thursday: 10 AM–12 AM, Friday: 10 AM–12 AM, Saturday: 10 AM–12 AM, Sunday: Closed, Monday: 10 AM–12 AM",,,,,"Kotha Pind Block B Faisal Town"
"ChIJd3xeH1wBGTkR0DfiouBc_hw","SS Auto Care workshop","15 R Shah Alam Rd, Block R Phase 2 Johar Town, Lahore, 38000, Pakistan","https://www.google.com/maps?cid=2089209397021652944","https://search.google.com/local/reviews?placeid=ChIJd3xeH1wBGTkR0DfiouBc_hw&q=auto+repair+shop+lahore&authuser=0&hl=en","15 R Shah Alam Rd","Auto repair shop",,"Amenities: Mechanic","03004618542",10,5,31.4594863,74.2686776,,"TRUE","",,,,,"Block R Phase 2 Johar Town"
"ChIJMb145REBGTkRm-A0UgI5UA8","Imran & Wasim Auto Workshop car Ac Service","gate no 2 Jaranwala road, Al Rehman Garden Phase 2, Lahore, 05499, Pakistan","https://www.google.com/maps?cid=1103444590837686427","https://search.google.com/local/reviews?placeid=ChIJMb145REBGTkRm-A0UgI5UA8&q=auto+repair+shop+lahore&authuser=0&hl=en","gate no 2 Jaranwala road","Auto repair shop",,"Amenities: Mechanic","03111426337",6,5,31.6000594,74.2291707,,"TRUE","Tuesday: Open 24 hours, Wednesday: Open 24 hours, Thursday: Open 24 hours, Friday: Open 24 hours, Saturday: Open 24 hours, Sunday: Open 24 hours, Monday: Open 24 hours",,,,,"Al Rehman Garden Phase 2"
"ChIJM6wi_lAFGTkRUdsSirV_qMQ","Mashallah auto workshop and Car wash","17/3, near Sartaj Masjid, Block N Gulberg III, Lahore, 54000, Pakistan","https://www.google.com/maps?cid=14170716645203565393","https://search.google.com/local/reviews?placeid=ChIJM6wi_lAFGTkRUdsSirV_qMQ&q=auto+repair+shop+lahore&authuser=0&hl=en","17/3, near Sartaj Masjid","Auto repair shop",,"Amenities: Mechanic","03214588295",4,3.8,31.5243105,74.3568299,,"TRUE","",,,,,"Block N Gulberg III"
"ChIJn3i6erEHGTkRDG6Ly0i7s38","AL KARAMAT AUTO WORKSHOP","18-4-D2, near PULLI STOP, GREEN Sector D 2 Block 4 TOWN, Lahore, 54700, Pakistan","https://www.google.com/maps?cid=9201904384975007244","https://search.google.com/local/reviews?placeid=ChIJn3i6erEHGTkRDG6Ly0i7s38&q=auto+repair+shop+lahore&authuser=0&hl=en","18-4-D2, near PULLI STOP","Auto repair shop",,"Amenities: Mechanic","03034841818",9,5,31.4368663,74.3132687,,"TRUE","Tuesday: 9 AM–9 PM, Wednesday: 9 AM–9 PM, Thursday: 9 AM–9 PM, Friday: 9 AM–9 PM, Saturday: 9 AM–9 PM, Sunday: Closed, Monday: 9 AM–9 PM",,,,,"GREEN Sector D 2 Block 4 TOWN"
"ChIJ7eN6zuwDGTkR9HDZxOJa_CE","Moon Auto WorkShop","Main Buleword Marghzar Road, Multan Rd, opposite N Block, Awan Town, Lahore, Pakistan","https://www.google.com/maps?cid=2448932227394400500","https://search.google.com/local/reviews?placeid=ChIJ7eN6zuwDGTkR9HDZxOJa_CE&q=auto+repair+shop+lahore&authuser=0&hl=en","Main Buleword Marghzar Road, Multan Rd, opposite N Block","Auto repair shop","Onsite services","Service options: Onsite services; Amenities: Mechanic; Payments: Credit cards, NFC mobile payments","03054399792",11,4.5,31.5129877,74.2582388,,"TRUE","Tuesday: 7 AM–1 AM, Wednesday: 7 AM–1 AM, Thursday: 7 AM–1 AM, Friday: 7 AM–1 AM, Saturday: 7 AM–1 AM, Sunday: 7 AM–1 AM, Monday: 7 AM–1 AM",,,,,"Awan Town"
"ChIJl_7tafIHGTkRo2O_YuE9taY","Chishti auto workshop","C8HQ+4CM, Defence Rd, Sherwani Town, Lahore, 58000, Pakistan","https://www.google.com/maps?cid=12012575619314312099","https://search.google.com/local/reviews?placeid=ChIJl_7tafIHGTkRo2O_YuE9taY&q=auto+repair+shop+lahore&authuser=0&hl=en","C8HQ+4CM, Defence Rd","Auto repair shop, Car dealer, Machine maintenance service",,"Amenities: Mechanic","03004907016",3,5,31.427826399999997,74.3385559,,"FALSE","Tuesday: Open 24 hours, Wednesday: Open 24 hours, Thursday: Open 24 hours, Friday: Open 24 hours, Saturday: Open 24 hours, Sunday: Open 24 hours, Monday: Open 24 hours",,,,,"Sherwani Town"
"ChIJ-Uqh4V4FGTkR85fqDBEllA0","Sulehry Motors and Auto Workshop","park, E-100, main Bedian Rd, Ali View Garden Ali View, Lahore, Pakistan","https://www.google.com/maps?cid=978447774207612915","https://search.google.com/local/reviews?placeid=ChIJ-Uqh4V4FGTkR85fqDBEllA0&q=auto+repair+shop+lahore&authuser=0&hl=en","park, E-100, main Bedian Rd","Car repair and maintenance service",,"Offerings: Oil change","03277890670",5,4.2,31.4958083,74.4006897,,"TRUE","Tuesday: 9 AM–8 PM, Wednesday: 9 AM–8 PM, Thursday: 9 AM–8 PM, Friday: 9 AM–8 PM, Saturday: 9 AM–8 PM, Sunday: 9 AM–8 PM, Monday: 9 AM–8 PM",,,,,"Ali View Garden Ali View"
"ChIJl8DctpMDGTkRXlRxh_qA_vk","Shafiq Auto Engineering Works","Shop # 4, 168 Main Multan Rd, opposite Lyric Road, Samanabad Town, Lahore, 54000, Pakistan","https://www.google.com/maps?cid=18013977373031093342","https://search.google.com/local/reviews?placeid=ChIJl8DctpMDGTkRXlRxh_qA_vk&q=auto+repair+shop+lahore&authuser=0&hl=en","Shop # 4, 168 Main Multan Rd, opposite Lyric Road","Engine rebuilding service, Auto spring shop, Machine repair service, Small engine repair service",,"","03008031276",6,5,31.5352078,74.29018099999999,,"TRUE","Tuesday: 9 AM–8 PM, Wednesday: 9 AM–8 PM, Thursday: 9 AM–8 PM, Friday: 9 AM–8 PM, Saturday: 9 AM–8 PM, Sunday: Closed, Monday: 9 AM–8 PM",,,,,"Samanabad Town"
"ChIJH8YJX4cPGTkRIxoKDhrRh_0","Airworx air suspension","HCCF+H8P, Harbanspura, Lahore, Pakistan","https://www.google.com/maps?cid=18268800323286604323","https://search.google.com/local/reviews?placeid=ChIJH8YJX4cPGTkRIxoKDhrRh_0&q=auto+repair+shop+lahore&authuser=0&hl=en","HCCF+H8P","Auto repair shop",,"Amenities: Mechanic","03320008005",5,4.2,31.5726664,74.4295614,,"FALSE","Tuesday: 9 PM–12 AM, Wednesday: 9 PM–12 AM, Thursday: 9 PM–12 AM, Friday: 9 PM–12 AM, Saturday: 9 PM–12 AM, Sunday: 12 AM–8 PM, Monday: 9 PM–12 AM",,,,,"Harbanspura"
"ChIJ8-COnvIBGTkRIBP_4O76UO0","Al Madina Auto Motor Workshop","143 College Rd, Block E Audit and Accounts Housing Society, Lahore, 54770, Pakistan","https://www.google.com/maps?cid=17100443689009746720","https://search.google.com/local/reviews?placeid=ChIJ8-COnvIBGTkRIBP_4O76UO0&q=auto+repair+shop+lahore&authuser=0&hl=en","143 College Rd","Mechanic, Auto bodywork mechanic, Auto electrical service, Auto painting",,"","03016111679",19,4.7,31.399689199999997,74.2688041,,"TRUE","Tuesday: 8 AM–8:30 PM, Wednesday: 8 AM–8:30 PM, Thursday: 8 AM–8:30 PM, Friday: 8 AM–8:30 PM, Saturday: 8 AM–8:30 PM, Sunday: 8 AM–8:30 PM, Monday: 8 AM–8:30 PM",,,,,"Block E Audit and Accounts Housing Society"
"ChIJzZMkuAgDGTkRiNAcCq5ITh4","Best Auto Mechanic in Lahore - AutosXpert","Karim Block Kashmir Block Allama Iqbal Town, Lahore, 54000, Pakistan","https://www.google.com/maps?cid=2183762781652439176",,,"Car repair and maintenance service",,"",,,,31.516990699999997,74.2897207,,"FALSE","Tuesday: 10 AM–8 PM, Wednesday: 10 AM–8 PM, Thursday: 10 AM–8 PM, Friday: 10 AM–8 PM, Saturday: 10 AM–8 PM, Sunday: 11 AM–8 PM, Monday: 10 AM–8 PM",,,,,"Karim Block Kashmir Block Allama Iqbal Town"
"ChIJdQagV18BGTkRYx_HY_aiYbY","Mehran Hybrid Specialist & Car AC","999 Barkat Ali Rd, Block E1 Block E 1 Phase 1 Johar Town, Lahore, Pakistan","https://www.google.com/maps?cid=13141964366763466595","https://search.google.com/local/reviews?placeid=ChIJdQagV18BGTkRYx_HY_aiYbY&q=auto+repair+shop+lahore&authuser=0&hl=en","999 Barkat Ali Rd","Auto electrical service","Onsite services","Service options: Onsite services; Accessibility: Wheelchair accessible entrance, Wheelchair accessible parking lot","03218435333",93,4.6,31.472219799999998,74.2948114,,"FALSE","Tuesday: 10 AM–10 PM, Wednesday: 10 AM–10 PM, Thursday: 10 AM–10 PM, Friday: 10 AM–10 PM, Saturday: 10 AM–10 PM, Sunday: Closed, Monday: 10 AM–10 PM",,,,,"Block E1 Block E 1 Phase 1 Johar Town"
"ChIJQYYdWAABGTkR81vBOo3oc-M","Bismillah Auto Workshop","F63W+58F, Block D Nawab Town, Lahore, Pakistan","https://www.google.com/maps?cid=16389699162205150195","https://search.google.com/local/reviews?placeid=ChIJQYYdWAABGTkR81vBOo3oc-M&q=auto+repair+shop+lahore&authuser=0&hl=en","F63W+58F","Mechanic",,"","03014686408",8,4.8,31.4529464,74.24581169999999,,"FALSE","Tuesday: 10 AM–10 PM, Wednesday: 10 AM–10 PM, Thursday: 10 AM–10 PM, Friday: 10 AM–10 PM, Saturday: 10 AM–10 PM, Sunday: 10 AM–10 PM, Monday: 10 AM–10 PM",,,,,"Block D Nawab Town"
"ChIJ7-eFJgABGTkRk_tOZNXavxA","Afzal Auto Workshop","Zaheer Chowk, 110-D, P.G.E.C.H. Society Missile, Eden, College Rd, Block E PGECHS 2, Lahore, 54000, Pakistan","https://www.google.com/maps?cid=1206923835204369299","https://search.google.com/local/reviews?placeid=ChIJ7-eFJgABGTkRk_tOZNXavxA&q=auto+repair+shop+lahore&authuser=0&hl=en","Zaheer Chowk, 110-D, P.G.E.C.H. Society Missile, Eden, College Rd","Car repair and maintenance service",,"",,21,4.6,31.4211915,74.28089729999999,,"FALSE","Tuesday: 9 AM–9 PM, Wednesday: 9 AM–9 PM, Thursday: 9 AM–9 PM, Friday: 9 AM–9 PM, Saturday: 9 AM–9 PM, Sunday: Closed, Monday: 9 AM–9 PM",,,,,"Block E PGECHS 2"
"ChIJx7b9hRgBGTkRSZGeWQ4kuOw","Ali Auto Workshop","C7FM+WQX, Gul e Daman Gul E Daman, Lahore, Pakistan","https://www.google.com/maps?cid=17057423232717459785","https://search.google.com/local/reviews?placeid=ChIJx7b9hRgBGTkRSZGeWQ4kuOw&q=auto+repair+shop+lahore&authuser=0&hl=en","C7FM+WQX","Car repair and maintenance service","Onsite services","Service options: Onsite services","03229454345",27,4.9,31.424854999999997,74.2844712,,"FALSE","Tuesday: 10 AM–10 PM, Wednesday: 10 AM–10 PM, Thursday: 10 AM–10 PM, Friday: 10 AM–10 PM, Saturday: 10 AM–10 PM, Sunday: Closed, Monday: 10 AM–10 PM",,,,,"Gul e Daman Gul E Daman"
"ChIJ22e_fwAFGTkR6h62v_nNxbo","Auto Repair shop","12a Lahore – Kasur Rd, near Concordia College, Block L Gulberg III, Lahore, 54000, Pakistan","https://www.google.com/maps?cid=13458389534013529834","https://search.google.com/local/reviews?placeid=ChIJ22e_fwAFGTkR6h62v_nNxbo&q=auto+repair+shop+lahore&authuser=0&hl=en","12a Lahore – Kasur Rd, near Concordia College","Used car dealer",,"Offerings: Used goods",,3,4.3,31.4994129,74.3341516,,"FALSE","Tuesday: Open 24 hours, Wednesday: Open 24 hours, Thursday: Open 24 hours, Friday: Open 24 hours, Saturday: Open 24 hours, Sunday: Open 24 hours, Monday: Open 24 hours",,,,,"Block L Gulberg III"
"ChIJPZxDw20DGTkRy4Ckhjb1n14","Afzal Auto Workshop","Facing Triangular Park, 1 St 1, behind ilyas Dumba Karahi Restaurant, Commercial Block E 1 F Block Johar Town, Lahore, 54000, Pakistan","https://www.google.com/maps?cid=6818437975398187211","https://search.google.com/local/reviews?placeid=ChIJPZxDw20DGTkRy4Ckhjb1n14&q=auto+repair+shop+lahore&authuser=0&hl=en","Facing Triangular Park, 1 St 1, behind ilyas Dumba Karahi Restaurant","Auto repair shop",,"Amenities: Mechanic","03004525108",11,4.4,31.4678199,74.291065,"https://youtube.com/@shafiqcars?si=nfilk1ZPeZHLLtvY","TRUE","Tuesday: 9 AM–8 PM, Wednesday: 9 AM–8 PM, Thursday: 9 AM–8 PM, Friday: 9 AM–8 PM, Saturday: 9 AM–8 PM, Sunday: 9 AM–8 PM, Monday: 9 AM–8 PM",,,,,"Commercial Block E 1 F Block Johar Town"
"ChIJzbGpMgAFGTkRutbn5UdSDK8","Ali Raza Auto And Mechanical Hybrid Workshop","13-N Gurumangat Rd, Block N Gulberg, Lahore, Pakistan","https://www.google.com/maps?cid=12613547125111248570",,"13-N Gurumangat Rd","Auto repair shop",,"Amenities: Mechanic","03201148738",,,31.526152,74.35706809999999,,"FALSE","Tuesday: Open 24 hours, Wednesday: Open 24 hours, Thursday: Open 24 hours, Friday: Open 24 hours, Saturday: Open 24 hours, Sunday: Closed, Monday: Open 24 hours",,,,,"Block N Gulberg"
"ChIJP3nEe6ABGTkRmSpa1z2dC8w","Shafique Auto Workshop","Rameez Center, 16-E, Commercial Area Block E PGECHS 2, Lahore, 54000, Pakistan","https://www.google.com/maps?cid=14703018297412692633","https://search.google.com/local/reviews?placeid=ChIJP3nEe6ABGTkRmSpa1z2dC8w&q=auto+repair+shop+lahore&authuser=0&hl=en","Rameez Center, 16-E","Auto repair shop",,"Amenities: Mechanic","03047879412",2,4.5,31.4208327,74.277958,,"TRUE","Tuesday: 10 AM–11 PM, Wednesday: 10 AM–11 PM, Thursday: 10 AM–11 PM, Friday: 10 AM–11 PM, Saturday: 10 AM–11 PM, Sunday: 10 AM–11 PM, Monday: 10 AM–11 PM",,,,,"Commercial Area Block E PGECHS 2"
"ChIJj-nQ088FGTkRYaXt6Ht2FNQ","Bashir Auto Workshop","F9Q9+H5H, Walton Rd, Raza Colony, Walton, Walton Rd, Madina Colony, Lahore, 54030, Pakistan","https://www.google.com/maps?cid=15281969710135879009","https://search.google.com/local/reviews?placeid=ChIJj-nQ088FGTkRYaXt6Ht2FNQ&q=auto+repair+shop+lahore&authuser=0&hl=en","F9Q9+H5H, Walton Rd, Raza Colony, Walton, Walton Rd","Auto repair shop",,"Amenities: Mechanic",,5,4.6,31.488941599999997,74.3679866,,"FALSE","",,,,,"Madina Colony"
"ChIJm5Lxdu4FGTkRGTwBx9AuP4I","Aisha Auto Care Lahore","Block R1, Block B, 897, Block R 1 Phase 2 Johar Town, Lahore, 54000, Pakistan","https://www.google.com/maps?cid=9385271622690225177","https://search.google.com/local/reviews?placeid=ChIJm5Lxdu4FGTkRGTwBx9AuP4I&q=auto+repair+shop+lahore&authuser=0&hl=en","Block R1, Block B, 897","Oil change service","Onsite services","Service options: Onsite services; Accessibility: Wheelchair accessible entrance, Wheelchair accessible parking lot; Offerings: Oil change; Payments: Credit cards, Debit cards, NFC mobile payments, Credit cards","03369644400",176,4.4,31.4536867,74.27289019999999,,"TRUE","Tuesday: 10 AM–8 PM, Wednesday: 10 AM–8 PM, Thursday: 10 AM–8 PM, Friday: 10 AM–8 PM, Saturday: 10 AM–8 PM, Sunday: 10:30 AM–4 PM, Monday: 10 AM–8 PM",,"https://wa.me/923460510219",,,"Block R 1 Phase 2 Johar Town"
"ChIJO6Numq4DGTkRg7haegm6eNw","Shabbir Car Workshop","G764+24R, Meharpura Lahore, Pakistan","https://www.google.com/maps?cid=15886652235419662467","https://search.google.com/local/reviews?placeid=ChIJO6Numq4DGTkRg7haegm6eNw&q=auto+repair+shop+lahore&authuser=0&hl=en","G764+24R","Auto repair shop",,"Amenities: Mechanic, Restroom",,13,4.6,31.510117599999997,74.2552596,,"FALSE","",,,,,"Meharpura"
"ChIJ83jb3skHGTkRwgnSgtjz5tA","Subhan ALLAH car workshop","Atta Bakst road, Shanghai Rd, near Suzuki show room, Bahadrabad, Lahore, 54000, Pakistan","https://www.google.com/maps?cid=15052986915765750210","https://search.google.com/local/reviews?placeid=ChIJ83jb3skHGTkRwgnSgtjz5tA&q=auto+repair+shop+lahore&authuser=0&hl=en","Atta Bakst road, Shanghai Rd, near Suzuki show room","Car repair and maintenance service, Motorcycle repair shop",,"","03058888554",2,5,31.4517571,74.39135449999999,"https://wa.me/923058888554","TRUE","Tuesday: 9:30–10 AM, Wednesday: 9:30–10 AM, Thursday: 9:30–10 AM, Friday: 9:30–10 AM, Saturday: 9:30–10 AM, Sunday: 9:30–10 AM, Monday: 12–6 AM",,,,,"Bahadrabad"
"ChIJcVfF7EIDGTkRWcncs7VI2t4","One Stop Auto Garage","20k Johar town, Johar, Block K Phase 2 town, Lahore, 54782, Pakistan","https://www.google.com/maps?cid=16058227366586796377","https://search.google.com/local/reviews?placeid=ChIJcVfF7EIDGTkRWcncs7VI2t4&q=auto+repair+shop+lahore&authuser=0&hl=en","20k Johar town, Johar","Auto repair shop","Onsite services","Service options: Onsite services; Amenities: Mechanic","03035521223",19,4.6,31.465772899999997,74.2520727,,"TRUE","Tuesday: 9 AM–7 PM, Wednesday: 9 AM–7 PM, Thursday: 9 AM–7 PM, Friday: 9 AM–7 PM, Saturday: 9 AM–7 PM, Sunday: Closed, Monday: 9 AM–7 PM",,,,,"Block K Phase 2 town"
"ChIJB4-TyjYHGTkRVorZDrrmRJA","Mahnoor Auto Work Shop","Shanghai Rd, near dva apartment, Bahadrabad, Lahore, Pakistan","https://www.google.com/maps?cid=10395687526665390678","https://search.google.com/local/reviews?placeid=ChIJB4-TyjYHGTkRVorZDrrmRJA&q=auto+repair+shop+lahore&authuser=0&hl=en","Shanghai Rd, near dva apartment","Auto bodywork mechanic, Store",,"Accessibility: Wheelchair accessible entrance, Wheelchair accessible parking lot","03218414441",14,4.3,31.4545486,74.3684006,,"TRUE","Tuesday: 10 AM–9 PM, Wednesday: 10 AM–9 PM, Thursday: 10 AM–9 PM, Friday: 10 AM–9 PM, Saturday: 10 AM–9 PM, Sunday: Closed, Monday: 10 AM–9 PM",,,,,"Bahadrabad"
"ChIJSwUqWiQBGTkRuNykLpyw_bo","Danish Auto Care","478 A, Block A Revenue Employees Cooperative Housing Society, Lahore, 54000, Pakistan","https://www.google.com/maps?cid=13474119845006335160","https://search.google.com/local/reviews?placeid=ChIJSwUqWiQBGTkRuNykLpyw_bo&q=auto+repair+shop+lahore&authuser=0&hl=en","478 A","Auto repair shop",,"Amenities: Mechanic","03214178932",16,4.4,31.4550518,74.28210969999999,,"TRUE","Tuesday: 9 AM–10 PM, Wednesday: 9 AM–10 PM, Thursday: 9 AM–10 PM, Friday: 9 AM–10 PM, Saturday: 9 AM–10 PM, Sunday: Closed, Monday: 9 AM–10 PM",,,,,"Block D1 Block A Revenue Employees Cooperative Housing Society"
"ChIJtdK6apQJGTkRWeuZj1JY7jc","A.M AUTOS workshop","CFJG+83M Puly Bus Stop, Thethar, Bedian Rd, Block G Acro Green (Bakers Avenue), Lahore, Pakistan","https://www.google.com/maps?cid=4030255828162964313","https://search.google.com/local/reviews?placeid=ChIJtdK6apQJGTkRWeuZj1JY7jc&q=auto+repair+shop+lahore&authuser=0&hl=en","CFJG+83M Puly Bus Stop, Thethar, Bedian Rd","Auto repair shop",,"Amenities: Mechanic","03074574803",6,4.8,31.430825799999997,74.4751867,,"FALSE","Tuesday: Open 24 hours, Wednesday: Open 24 hours, Thursday: Open 24 hours, Friday: Open 24 hours, Saturday: Open 24 hours, Sunday: Open 24 hours, Monday: Open 24 hours",,,,,"Block G Acro Green (Bakers Avenue)"
"ChIJX719tgWrGTkRgq2Y7Hl7lnQ","Auto Care Workshop","Mughal e azam grand palace, Bahria Town, Lahore, Pakistan","https://www.google.com/maps?cid=8401037918496927106","https://search.google.com/local/reviews?placeid=ChIJX719tgWrGTkRgq2Y7Hl7lnQ&q=auto+repair+shop+lahore&authuser=0&hl=en","Mughal e azam grand palace","Auto repair shop",,"Amenities: Mechanic","03096751031",5,5,31.3660952,74.2258896,,"FALSE","Tuesday: Open 24 hours, Wednesday: Open 24 hours, Thursday: Open 24 hours, Friday: Open 24 hours, Saturday: Open 24 hours, Sunday: Open 24 hours, Monday: Open 24 hours",,,,,"Bahria Town"
"ChIJKT34_-wFGTkR8S6nxLbHvBo","Qasim Auto","G954+MCF, Gurumangat Rd, Gurumangat Gulberg III, Lahore, Pakistan","https://www.google.com/maps?cid=1926634328404995825","https://search.google.com/local/reviews?placeid=ChIJKT34_-wFGTkR8S6nxLbHvBo&q=auto+repair+shop+lahore&authuser=0&hl=en","G954+MCF, Gurumangat Rd","Auto repair shop",,"Amenities: Mechanic; Planning: Appointment required","03124256385",1,5,31.5091799,74.3560359,,"FALSE","Tuesday: 10 AM–6 PM, Wednesday: 10 AM–6 PM, Thursday: 10 AM–6 PM, Friday: 10 AM–6 PM, Saturday: 10 AM–6 PM, Sunday: 10 AM–6 PM, Monday: 10 AM–6 PM",,,,,"Gurumangat Gulberg III"
"ChIJz9kr_tkDGTkR2M8xzVLGH40","Car mechanic jahar town imporium","ADDA PLOT, Trade Centre Commercial Area Phase 2 Johar Town, Lahore, 54000, Pakistan","https://www.google.com/maps?cid=10169064542558080984","https://search.google.com/local/reviews?placeid=ChIJz9kr_tkDGTkR2M8xzVLGH40&q=auto+repair+shop+lahore&authuser=0&hl=en","ADDA PLOT","Mechanic",,"","03233661061",3,4.3,31.4679139,74.26658549999999,,"TRUE","Tuesday: Open 24 hours, Wednesday: Open 24 hours, Thursday: Open 24 hours, Friday: Open 24 hours, Saturday: Open 24 hours, Sunday: Open 24 hours, Monday: Open 24 hours",,,,,"Trade Centre Commercial Area Phase 2 Johar Town"
"ChIJVT7LeW0BGTkR5ZQhJnk15hA","THE BEST AUTO WORKSHOP","368, Block F1 Block F 1 Phase 1 Johar Town, Lahore, Pakistan","https://www.google.com/maps?cid=1217719543697347813","https://search.google.com/local/reviews?placeid=ChIJVT7LeW0BGTkR5ZQhJnk15hA&q=auto+repair+shop+lahore&authuser=0&hl=en","368","Car repair and maintenance service",,"","03037158960",7,4.4,31.461149199999998,74.2802859,,"FALSE","Tuesday: 10 AM–7:30 PM, Wednesday: 10 AM–7:30 PM, Thursday: 10 AM–7:30 PM, Friday: 10 AM–7:30 PM, Saturday: 10 AM–7:30 PM, Sunday: Open 24 hours, Monday: 10 AM–7:30 PM",,,,,"Block F1 Block F 1 Phase 1 Johar Town"
"ChIJD7L-ZgD_GDkRm_KNv-Q-FfM","Car mechanic Bismillah Auto Workshop","95RQ+M63, 95RQ+M64Carigar Restomods, Lahore, Pakistan","https://www.google.com/maps?cid=17515975477914628763","https://search.google.com/local/reviews?placeid=ChIJD7L-ZgD_GDkRm_KNv-Q-FfM&q=auto+repair+shop+lahore&authuser=0&hl=en","95RQ+M63, 95RQ+M64Carigar Restomods","Auto repair shop",,"Amenities: Mechanic","03262679466",7,5,31.3916446,74.1880395,,"FALSE","Tuesday: Open 24 hours, Wednesday: Open 24 hours, Thursday: Open 24 hours, Friday: Open 24 hours, Saturday: Open 24 hours, Sunday: Open 24 hours, Monday: Open 24 hours",,,,,
"ChIJkVF2L8UFGTkRgPXwgqNGhEo","Afzal Auto","Gurumangat Rd, Industrial Plots, Lahore, 54000, Pakistan","https://www.google.com/maps?cid=5369494323822916992","https://search.google.com/local/reviews?placeid=ChIJkVF2L8UFGTkRgPXwgqNGhEo&q=auto+repair+shop+lahore&authuser=0&hl=en","Gurumangat Rd","Auto machine shop",,"Amenities: Mechanic","03224050908",6,4.5,31.508350399999998,74.3577473,,"TRUE","Tuesday: 9 AM–9 PM, Wednesday: 9 AM–9 PM, Thursday: 9 AM–9 PM, Friday: 9 AM–9 PM, Saturday: 9 AM–9 PM, Sunday: 10 AM–5 PM, Monday: 9 AM–9 PM",,,,,"Industrial Plots"
"ChIJxxuTxUodGTkRjtHJn0HPoPg","Khan Baba Service Station And Vehicle Repair Shop","J6J9+588, Jhuggian Sialan, Lahore, Pakistan","https://www.google.com/maps?cid=17915547198440460686","https://search.google.com/local/reviews?placeid=ChIJxxuTxUodGTkRjtHJn0HPoPg&q=auto+repair+shop+lahore&authuser=0&hl=en","J6J9+588","Auto repair shop",,"Amenities: Mechanic","03044568854",1,5,31.6304141,74.218325,,"FALSE","Tuesday: Open 24 hours, Wednesday: Open 24 hours, Thursday: Open 24 hours, Friday: Open 24 hours, Saturday: Open 24 hours, Sunday: Open 24 hours, Monday: Open 24 hours",,,,,"Jhuggian Sialan"
"ChIJ6VI5WrQFGTkRM4lABgxclwE","Shalimar Autos Workshop","Gurumangat Rd, opposite SNGPL Head office, Block A 2 Gulberg III, Lahore, 54000, Pakistan","https://www.google.com/maps?cid=114661522235492659","https://search.google.com/local/reviews?placeid=ChIJ6VI5WrQFGTkRM4lABgxclwE&q=auto+repair+shop+lahore&authuser=0&hl=en","Gurumangat Rd, opposite SNGPL Head office","Auto machine shop",,"Amenities: Mechanic","03004154484",4,3.3,31.5106368,74.3578465,,"TRUE","Tuesday: 8 AM–10 PM, Wednesday: 8 AM–10 PM, Thursday: 8 AM–10 PM, Friday: 8 AM–10 PM, Saturday: 8 AM–10 PM, Sunday: Closed, Monday: 8 AM–10 PM",,,,,"Block A 2 Gulberg III"
"ChIJE12wqYYbGTkRoz33D4qRr7w","STB Engineering Lahore","Wali Park Bazar, opposite Pakistan mint, Baghbanpura, Lahore, 54000, Pakistan","https://www.google.com/maps?cid=13596245822214192547",,"Wali Park Bazar, opposite Pakistan mint","Tractor repair shop",,"Amenities: Mechanic","03134153567",,,31.5760342,74.3964269,,"TRUE","",,,,,"Baghbanpura"
"ChIJW9if1gIFGTkRsVer2ZqgvDc","Wahab Autos RP center","Academy Road, Fateh Abad Fatehabad, Lahore, Pakistan","https://www.google.com/maps?cid=4016261554644932529","https://search.google.com/local/reviews?placeid=ChIJW9if1gIFGTkRsVer2ZqgvDc&q=auto+repair+shop+lahore&authuser=0&hl=en","Academy Road","Motorcycle repair shop",,"Amenities: Mechanic","03129887588",13,4.3,31.5241135,74.3608486,,"TRUE","Tuesday: 9:30 AM–8:30 PM, Wednesday: 9:30 AM–8:30 PM, Thursday: 9:30 AM–8:30 PM, Friday: 9:30 AM–8:30 PM, Saturday: 9:30 AM–8:30 PM, Sunday: Closed, Monday: 9:30 AM–8:30 PM",,,,,"Fateh Abad Fatehabad"
"ChIJ8aIGKCAHGTkRKIYqQAKk5kI","AA brother's auto care","Plot 257 Street No. 1, Bahadrabad, Lahore, Pakistan","https://www.google.com/maps?cid=4820720780720113192","https://search.google.com/local/reviews?placeid=ChIJ8aIGKCAHGTkRKIYqQAKk5kI&q=auto+repair+shop+lahore&authuser=0&hl=en","Plot 257 Street No. 1","Car repair and maintenance service",,"",,26,4.2,31.455953299999997,74.37397419999999,,"TRUE","Tuesday: 9 AM–9 PM, Wednesday: 9 AM–9 PM, Thursday: 9 AM–9 PM, Friday: 9 AM–9 PM, Saturday: 9 AM–9 PM, Sunday: 10 AM–4 PM, Monday: 9 AM–9 PM",,,,,"Bahadrabad"
"ChIJjWgsGmEBGTkRhkQ6aOIKxow","Rizwan Bhai EFI Auto Workshop","33 Hamza St, Ahmed Avenue, Lahore, 54600, Pakistan","https://www.google.com/maps?cid=10143807178226156678","https://search.google.com/local/reviews?placeid=ChIJjWgsGmEBGTkRhkQ6aOIKxow&q=auto+repair+shop+lahore&authuser=0&hl=en","33 Hamza St","Mechanic",,"","03044139235",10,4.4,31.4488626,74.2964398,,"TRUE","Tuesday: 9 AM–11 PM, Wednesday: 9 AM–11 PM, Thursday: 9 AM–11 PM, Friday: 9 AM–11 PM, Saturday: 9 AM–11 PM, Sunday: 9 AM–11 PM, Monday: 9 AM–11 PM",,,,,"Ahmed Avenue"
"ChIJaZSjdEEBGTkRl3XGLCTjuI8","Nasir Auto mechanic auto Electrician & Car AC","339,/A-N Samsani Rd, Block N Block R 1 Phase 2 Johar Town, Lahore, 54782, Pakistan","https://www.google.com/maps?cid=10356277087647987095","https://search.google.com/local/reviews?placeid=ChIJaZSjdEEBGTkRl3XGLCTjuI8&q=auto+repair+shop+lahore&authuser=0&hl=en","339,/A-N Samsani Rd","Auto repair shop, Auto air conditioning service, Auto electrical service, Car repair and maintenance service, Auto restoration service, Auto tune up service",,"Offerings: Oil change","03049379361",6,4.8,31.460480999999998,74.2768067,,"TRUE","Tuesday: 9 AM–9 PM, Wednesday: 9 AM–9 PM, Thursday: 9 AM–9 PM, Friday: 9 AM–9 PM, Saturday: 9 AM–9 PM, Sunday: Closed, Monday: 9 AM–9 PM",,,,,"Block N Block R 1 Phase 2 Johar Town"
"ChIJk03UcwIFGTkRk_oq_O2cYUc","Saeed Auto Workshop","F9PJ+M9Q, St 12, Iqbal Park Lahore, Pakistan","https://www.google.com/maps?cid=5143564795385674387","https://search.google.com/local/reviews?placeid=ChIJk03UcwIFGTkRk_oq_O2cYUc&q=auto+repair+shop+lahore&authuser=0&hl=en","F9PJ+M9Q, St 12","Mechanic",,"",,2,4,31.4867718,74.3807881,,"FALSE","",,,,,"Iqbal Park"
"ChIJfXsfIYgBGTkR7mgwX2fZaSQ","Auto Clinic","1C, Block B1 Block B 1 Phase 1 Johar Town, Lahore, 54782, Pakistan","https://www.google.com/maps?cid=2623867295921891566","https://search.google.com/local/reviews?placeid=ChIJfXsfIYgBGTkR7mgwX2fZaSQ&q=auto+repair+shop+lahore&authuser=0&hl=en","1C","Car wash, Mechanic, Oil change service, Wheel alignment service","Onsite services","Service options: Onsite services","03008876804",119,4.4,31.4607086,74.2990646,,"FALSE","Tuesday: 9 AM–9 PM, Wednesday: 9 AM–9 PM, Thursday: 9 AM–9 PM, Friday: 9 AM–9 PM, Saturday: 9 AM–9 PM, Sunday: 9 AM–9 PM, Monday: 9 AM–9 PM",,,,,"Block B1 Block B 1 Phase 1 Johar Town"
"ChIJ0zuj2JMJGTkRTAej2G3Ie2Q","SHAH G Autos","Bedian Rd, Jamun, Lahore, Pakistan","https://www.google.com/maps?cid=7240601200039757644","https://search.google.com/local/reviews?placeid=ChIJ0zuj2JMJGTkRTAej2G3Ie2Q&q=auto+repair+shop+lahore&authuser=0&hl=en","Bedian Rd","Auto repair shop",,"Amenities: Mechanic","03373333729",4,3,31.469013,74.4313718,,"TRUE","Tuesday: Open 24 hours, Wednesday: Open 24 hours, Thursday: Open 24 hours, Friday: Open 24 hours, Saturday: Open 24 hours, Sunday: Open 24 hours, Monday: Open 24 hours",,,,,"Jamun"
"ChIJR7gaewAFGTkRccH_hjsUOOA","Rspeed performance","Sunny Flour Mill Mosque, 40, Block N Gulberg III, Lahore, 56000, Pakistan","https://www.google.com/maps?cid=16156685909092188529","https://search.google.com/local/reviews?placeid=ChIJR7gaewAFGTkRccH_hjsUOOA&q=auto+repair+shop+lahore&authuser=0&hl=en","Sunny Flour Mill Mosque, 40","Auto repair shop",,"Amenities: Mechanic",,2,5,31.519840799999997,74.3600306,,"FALSE","Tuesday: 9 AM–6:30 PM, Wednesday: 9 AM–6:30 PM, Thursday: 9 AM–6:30 PM, Friday: 9 AM–6:30 PM, Saturday: 9 AM–6:30 PM, Sunday: Closed, Monday: 9 AM–6:30 PM",,,,,"Block N Gulberg III"
"ChIJx_w6pzgBGTkRtOHioj2cxpQ","Oil Change Shop Ryan Auto","366, Block N Gulberg III, Lahore, Pakistan","https://www.google.com/maps?cid=10720427751541760436","https://search.google.com/local/reviews?placeid=ChIJx_w6pzgBGTkRtOHioj2cxpQ&q=auto+repair+shop+lahore&authuser=0&hl=en","366","Auto tune up service",,"","03004748588",1,5,31.5203906,74.35881669999999,,"FALSE","Tuesday: 8 AM–9 PM, Wednesday: 8 AM–9 PM, Thursday: 8 AM–9 PM, Friday: 8 AM–9 PM, Saturday: 8 AM–9 PM, Sunday: 8 AM–7 PM, Monday: 8 AM–9 PM",,,,,"Block N Gulberg III"
"ChIJ9wg_fLz_GDkRRLRz2pKKn6Q","Bismillah Auto Workshop Waheed Auto Engineer","Shop 2, Al Madad Market, Julliyana Rd, Lahore, Pakistan","https://www.google.com/maps?cid=11862352306852049988","https://search.google.com/local/reviews?placeid=ChIJ9wg_fLz_GDkRRLRz2pKKn6Q&q=auto+repair+shop+lahore&authuser=0&hl=en","Shop 2, Al Madad Market, Julliyana Rd","Car repair and maintenance service",,"","03059722656",1,5,31.3925725,74.1882602,,"TRUE","Tuesday: 10 AM–12 AM, Wednesday: 10 AM–12 AM, Thursday: 10 AM–12 AM, Friday: 10 AM–12 AM, Saturday: 10 AM–12 AM, Sunday: 10 AM–12 AM, Monday: 10 AM–12 AM",,,,,
"ChIJI7ocsnADGTkR9X9eWA3PC6o","A-M Auto Workshop","G79X+GQ8, Kamboh Colony, Lahore, 54000, Pakistan","https://www.google.com/maps?cid=12253114867415678965","https://search.google.com/local/reviews?placeid=ChIJI7ocsnADGTkR9X9eWA3PC6o&q=auto+repair+shop+lahore&authuser=0&hl=en","G79X+GQ8","Auto repair shop",,"Amenities: Mechanic","03124884259",4,4,31.5187837,74.2994377,,"FALSE","",,,,,"Kamboh Colony"
"ChIJLZ-5iocHGTkRwltWPl4G1Sc","Door Step Car Mechanic","F922+57F, Makhdumabad Ismail Nagar, Lahore, Pakistan","https://www.google.com/maps?cid=2870207339361098690","https://search.google.com/local/reviews?placeid=ChIJLZ-5iocHGTkRwltWPl4G1Sc&q=auto+repair+shop+lahore&authuser=0&hl=en","F922+57F","Auto repair shop",,"Amenities: Mechanic",,5,5,31.450448899999998,74.3506795,,"FALSE","",,,,,"Makhdumabad Ismail Nagar"
"ChIJodKSSgADGTkR9eiDfiSep5U","Al Habib Auto Workshop","F67W+M45, Ali Town Lahore, Pakistan","https://www.google.com/maps?cid=10783761712340527349","https://search.google.com/local/reviews?placeid=ChIJodKSSgADGTkR9eiDfiSep5U&q=auto+repair+shop+lahore&authuser=0&hl=en","F67W+M45","Auto repair shop",,"Amenities: Mechanic","03030049667",5,4.2,31.464187499999998,74.2453125,,"TRUE","Tuesday: 9 AM–10 PM, Wednesday: 9 AM–10 PM, Thursday: 9 AM–10 PM, Friday: 9 AM–10 PM, Saturday: 9 AM–10 PM, Sunday: Closed, Monday: 9 AM–10 PM",,,,,"Ali Town"
"ChIJq46LR8GzDwQRcMLZqn-dW00","Bismillah Auto workshop",,"https://www.google.com/maps?cid=5574222135453926000","https://search.google.com/local/reviews?placeid=ChIJq46LR8GzDwQRcMLZqn-dW00&q=auto+repair+shop+lahore&authuser=0&hl=en",,"Car repair and maintenance service, Service establishment",,"","03014686408",7,5,31.4509007,74.245922,,"TRUE","Tuesday: Open 24 hours, Wednesday: Open 24 hours, Thursday: Open 24 hours, Friday: Open 24 hours, Saturday: Open 24 hours, Sunday: Open 24 hours, Monday: Open 24 hours",,,,,
"ChIJi9J5RgABGTkRrPzcHR6Fri8","4 Star Auto WorkShop","Star Auto Workshop, 4 Defence Rd, opp. Good luck floor mill, near Shahkam Chowk, Block A Pgshs 1, Lahore, Pakistan","https://www.google.com/maps?cid=3435829930126802092","https://search.google.com/local/reviews?placeid=ChIJi9J5RgABGTkRrPzcHR6Fri8&q=auto+repair+shop+lahore&authuser=0&hl=en","Star Auto Workshop, 4 Defence Rd, opp. Good luck floor mill, near Shahkam Chowk","Car repair and maintenance service","Onsite services","Service options: Onsite services; Accessibility: Wheelchair accessible entrance","03227577556",42,4.5,31.4010619,74.1655546,,"FALSE","",,,,,"Block A Pgshs 1"
"ChIJB-4TbQoFGTkRHMJRV4zkZK8","Laat Auto Clinic","31 Main Lahore – Kasur Rd, near Metro Bus Shaman Station, Shershah Colony Lahore, 54500, Pakistan","https://www.google.com/maps?cid=12638477745719984668","https://search.google.com/local/reviews?placeid=ChIJB-4TbQoFGTkRHMJRV4zkZK8&q=auto+repair+shop+lahore&authuser=0&hl=en","31 Main Lahore – Kasur Rd, near Metro Bus Shaman Station","Car repair and maintenance service",,"Accessibility: Wheelchair accessible entrance, Wheelchair accessible seating; Amenities: Gender-neutral restroom","03319620557",3,3.7,31.5390284,74.3194647,,"TRUE","Tuesday: 8 AM–11 PM, Wednesday: 8 AM–11 PM, Thursday: 8 AM–11 PM, Friday: 8 AM–11 PM, Saturday: 8 AM–11 PM, Sunday: 8 AM–11 PM, Monday: 8 AM–11 PM",,,,,"Shershah Colony"
"ChIJZQl3hR0FGTkRLFpR-ZVz7LQ","Mirza Auto HONDA Workshop","G9F4+53J, Gurumangat Rd, Block Q Industrial Plots, Lahore, Pakistan","https://www.google.com/maps?cid=13036922109300922924","https://search.google.com/local/reviews?placeid=ChIJZQl3hR0FGTkRLFpR-ZVz7LQ&q=auto+repair+shop+lahore&authuser=0&hl=en","G9F4+53J, Gurumangat Rd","Auto repair shop",,"Amenities: Mechanic",,5,4.2,31.5229696,74.3551377,,"FALSE","",,,,,"Block Q Industrial Plots"
"ChIJFdSl_XgBGTkRBbT1G4TZHOs","Mechanic's auto","9B R Block Rd, Block R Phase 2 Johar Town, Lahore, 78625, Pakistan","https://www.google.com/maps?cid=16941655059688961029","https://search.google.com/local/reviews?placeid=ChIJFdSl_XgBGTkRBbT1G4TZHOs&q=auto+repair+shop+lahore&authuser=0&hl=en","9B R Block Rd","Car repair and maintenance service",,"","03334317431",1,5,31.460124699999998,74.2728703,,"TRUE","Tuesday: 9 AM–5 PM, Wednesday: 9 AM–5 PM, Thursday: 9 AM–5 PM, Friday: 9 AM–5 PM, Saturday: 9 AM–5 PM, Sunday: Closed, Monday: 9 AM–7 PM",,,,,"Block R Phase 2 Johar Town"
"ChIJD9Qm0v8EGTkRArReMZZ6qfQ","Javed Autos","G9F5+37R, Gurumangat Rd, Block N Gulberg, Lahore, 54030, Pakistan","https://www.google.com/maps?cid=17629757001810490370","https://search.google.com/local/reviews?placeid=ChIJD9Qm0v8EGTkRArReMZZ6qfQ&q=auto+repair+shop+lahore&authuser=0&hl=en","G9F5+37R, Gurumangat Rd","Car repair and maintenance service",,"","03224444067",38,3.5,31.52274,74.35813,,"FALSE","Tuesday: 9 AM–9 PM, Wednesday: 9 AM–9 PM, Thursday: 9 AM–9 PM, Friday: 9 AM–9 PM, Saturday: 9 AM–9 PM, Sunday: Closed, Monday: 9 AM–9 PM",,,,,"Block N Gulberg"
"ChIJWwzMFgD_GDkR8hOCIzoBWdo","Baba freed auto 24/7","akram, Baba freed market Hiji, market, Lahore, Pakistan","https://www.google.com/maps?cid=15733608122410996722","https://search.google.com/local/reviews?placeid=ChIJWwzMFgD_GDkR8hOCIzoBWdo&q=auto+repair+shop+lahore&authuser=0&hl=en","akram, Baba freed market Hiji, market","Auto repair shop",,"Amenities: Mechanic","03069171671",2,5,31.392583899999998,74.1877745,,"TRUE","Tuesday: Open 24 hours, Wednesday: Open 24 hours, Thursday: Open 24 hours, Friday: Open 24 hours, Saturday: Open 24 hours, Sunday: Open 24 hours, Monday: Open 24 hours",,,,,
"ChIJYzaZmcaZ9AIRk8e494N8L4U","Valincha car auto electrician 24 hours sarves",,"https://www.google.com/maps?cid=9597026237188458387",,,"Auto electrical service, Service establishment",,"","03178483915",,,31.3958616,74.2584396,,"TRUE","Tuesday: Open 24 hours, Wednesday: Open 24 hours, Thursday: Open 24 hours, Friday: Open 24 hours, Saturday: Open 24 hours, Sunday: Open 24 hours, Monday: Open 24 hours",,,,,
"ChIJ22ONPQAFGTkRQ1mUEEDdtE4","Shop","G9C5+5G4, Block N Gulberg III, Lahore, Pakistan","https://www.google.com/maps?cid=5671401097992100163",,"G9C5+5G4","Auto repair shop",,"Amenities: Mechanic",,,,31.5203906,74.35881669999999,,"FALSE","",,,,,"Block N Gulberg III"
"ChIJWf7fvEb_GDkRADxMdsfaBs4","Time Auto workshop","Main blvd, 580 mian chowk, Block A jubliee town, Lahore, Pakistan","https://www.google.com/maps?cid=14845793771891473408","https://search.google.com/local/reviews?placeid=ChIJWf7fvEb_GDkRADxMdsfaBs4&q=auto+repair+shop+lahore&authuser=0&hl=en","Main blvd, 580 mian chowk","Auto repair shop",,"Amenities: Mechanic","03004750386",9,2.8,31.4076895,74.1830664,,"FALSE","Tuesday: Open 24 hours, Wednesday: Open 24 hours, Thursday: Open 24 hours, Friday: Open 24 hours, Saturday: Open 24 hours, Sunday: Open 24 hours, Monday: Open 24 hours",,,,,"Block A jubliee town"
"ChIJpWq8CQAFGTkRtRgTs5l4KMI","Punture Service","Pioneer Public School, Gulberg, Lahore, Pakistan","https://www.google.com/maps?cid=13990564843956148405",,"Pioneer Public School","Tire repair shop",,"Amenities: Mechanic",,,,31.5178308,74.35855699999999,,"FALSE","Tuesday: Open 24 hours, Wednesday: Open 24 hours, Thursday: Open 24 hours, Friday: Open 24 hours, Saturday: Open 24 hours, Sunday: Open 24 hours, Monday: Open 24 hours",,,,,"Gulberg"
"ChIJL-_blXAEGTkR2frXivlf-G4","Dilawar car Mechanic","G839+7PR, Shafi St, Ali Block Garden Town, Lahore, Pakistan","https://www.google.com/maps?cid=7996246663777221337","https://search.google.com/local/reviews?placeid=ChIJL-_blXAEGTkR2frXivlf-G4&q=auto+repair+shop+lahore&authuser=0&hl=en","G839+7PR, Shafi St","Car repair and maintenance service",,"","04235842526",8,4,31.503236299999998,74.319273,,"FALSE","",,,,,"Ali Block Garden Town"
"ChIJ52fGNA4BGTkRLctUS6d1cy4","Faiz e Aalam Autoworkshop and Oil Change","46 R Block Rd, Block R Phase 2 Johar Town, Lahore, Pakistan","https://www.google.com/maps?cid=3347148309450246957","https://search.google.com/local/reviews?placeid=ChIJ52fGNA4BGTkRLctUS6d1cy4&q=auto+repair+shop+lahore&authuser=0&hl=en","46 R Block Rd","Oil change service, Car repair and maintenance service, Store","Onsite services","Service options: Onsite services; Offerings: Oil change","03314940007",13,5,31.460419799999997,74.2728255,,"TRUE","Tuesday: 10 AM–9 PM, Wednesday: 10 AM–9 PM, Thursday: 10 AM–9 PM, Friday: 10 AM–9 PM, Saturday: 10 AM–9 PM, Sunday: Open 24 hours, Monday: 10 AM–9 PM",,,,,"Block R Phase 2 Johar Town"
"ChIJ86Im2qkFGTkRXRZeXrxFff4","Tire Shop Puncher","G9C5+5G4, Los nala, Block N Gulberg III, 07888, Pakistan","https://www.google.com/maps?cid=18337889933061920349","https://search.google.com/local/reviews?placeid=ChIJ86Im2qkFGTkRXRZeXrxFff4&q=auto+repair+shop+lahore&authuser=0&hl=en","G9C5+5G4, Los nala","Tire shop",,"Amenities: Mechanic","03224619323",1,5,31.5203906,74.35881669999999,,"FALSE","Tuesday: 10:30 AM–10 PM, Wednesday: 10 AM–10 PM, Thursday: 10 AM–10 PM, Friday: 10 AM–10 PM, Saturday: 10 AM–10 PM, Sunday: Closed, Monday: 10 AM–10 PM",,,,,"Block N Gulberg III"
"ChIJrzW5QYwBGTkRLa49nOh_qrU","Sundar Sharif auto workshop","Main Raiwind Rd, Block C Nawab Town, Lahore, Pakistan","https://www.google.com/maps?cid=13090415903936196141","https://search.google.com/local/reviews?placeid=ChIJrzW5QYwBGTkRLa49nOh_qrU&q=auto+repair+shop+lahore&authuser=0&hl=en","Main Raiwind Rd","Car repair and maintenance service",,"","03014142318",10,4,31.4546076,74.245616,,"TRUE","Tuesday: 8 AM–11 PM, Wednesday: 8–11 AM, Thursday: 8 AM–11 PM, Friday: 8 AM–11 PM, Saturday: 8 AM–11 PM, Sunday: 8 AM–11 PM, Monday: 8 AM–11 PM",,,,,"Block C Nawab Town"
"ChIJm1Ng7hsBGTkRWEgAQfVttTU","HS Auto WorkShop","F62W+P8J, Block D Nawab Town, Lahore, Pakistan","https://www.google.com/maps?cid=3870120354919762008",,"F62W+P8J","Mechanic",,"","03234371860",,,31.4518125,74.2458125,,"TRUE","Tuesday: 9 AM–9 PM, Wednesday: 9 AM–9 PM, Thursday: 9 AM–9 PM, Friday: 9 AM–9 PM, Saturday: 9 AM–9 PM, Sunday: Closed, Monday: 9 AM–9 PM",,,,,"Block D Nawab Town"
"ChIJ6ys3fwAFGTkRak5FSDeY9To","Bismillah Autos","292 H1 City School Road, Block N Gulberg III, Lahore, Pakistan","https://www.google.com/maps?cid=4248469186697055850",,"292 H1 City School Road","Auto repair shop",,"Amenities: Mechanic","03045039640",,,31.5203906,74.35881669999999,,"FALSE","Tuesday: Open 24 hours, Wednesday: Open 24 hours, Thursday: Open 24 hours, Friday: Open 24 hours, Saturday: Open 24 hours, Sunday: Closed, Monday: Open 24 hours",,,,,"Block N Gulberg III"
"ChIJm6FyPgAFGTkRQIxqTYvu1Cs","Hasan Uato","G9C5+5G4, Ferozepur Rod Gagomata, Block N Chota Sowa, Lahore, Pakistan","https://www.google.com/maps?cid=3158411520760253504",,"G9C5+5G4, Ferozepur Rod Gagomata","Auto repair shop",,"Amenities: Mechanic",,,,31.5203906,74.35881669999999,,"FALSE","",,,,,"Block N Chota Sowa"
"ChIJ4xWuArQPGTkR-nuRnjzEtq8","Shad Tours & Rent A Car","Main Canal Rd, near Harbanspura, Harbanspura, Lahore, Pakistan","https://www.google.com/maps?cid=12661523167036144634","https://search.google.com/local/reviews?placeid=ChIJ4xWuArQPGTkR-nuRnjzEtq8&q=auto+repair+shop+lahore&authuser=0&hl=en","Main Canal Rd, near Harbanspura","Car rental agency",,"","03244057755",34,4.9,31.571502799999998,74.4236918,,"TRUE","Tuesday: Open 24 hours, Wednesday: Open 24 hours, Thursday: Open 24 hours, Friday: Open 24 hours, Saturday: Open 24 hours, Sunday: Open 24 hours, Monday: Open 24 hours",,,,,"Harbanspura"
"ChIJTS4lf5ftZIARqRSouqQOjCY","Lahore Generator Repair",,"https://www.google.com/maps?cid=2777611170849756329","https://search.google.com/local/reviews?placeid=ChIJTS4lf5ftZIARqRSouqQOjCY&q=auto+repair+shop+lahore&authuser=0&hl=en",,"Repair service, Diesel engine repair service, Service establishment, Electric generator shop, Small engine repair service",,"","03214777635",254,5,31.4829403,74.3343893,"https://lahoregeneratorrepair.store/","TRUE","Tuesday: Open 24 hours, Wednesday: Open 24 hours, Thursday: Open 24 hours, Friday: Open 24 hours, Saturday: Open 24 hours, Sunday: Open 24 hours, Monday: Open 24 hours",,,,,
"ChIJBSrLCAAFGTkRt6c6pMuoEL8","Haji Qasar adda dukki balochastan","G9C5+5G4, Lahore desele labatre Qsaer adda dukki balochsatan, Block N Gulberg III, Lahore, Pakistan","https://www.google.com/maps?cid=13767689653458741175","https://search.google.com/local/reviews?placeid=ChIJBSrLCAAFGTkRt6c6pMuoEL8&q=auto+repair+shop+lahore&authuser=0&hl=en","G9C5+5G4, Lahore desele labatre Qsaer adda dukki balochsatan","Auto repair shop",,"Amenities: Mechanic",,1,5,31.5203906,74.35881669999999,,"FALSE","",,,,,"Block N Gulberg III"
"ChIJe77YvJgFGTkR6bBb8Apw9pw","Rana chand auto's","G8GG+7JM, Fazlia Colony Lahore, 54000, Pakistan","https://www.google.com/maps?cid=11310350706472104169","https://search.google.com/local/reviews?placeid=ChIJe77YvJgFGTkR6bBb8Apw9pw&q=auto+repair+shop+lahore&authuser=0&hl=en","G8GG+7JM","Auto repair shop",,"Amenities: Mechanic","03044590854",4,4.5,31.525719,74.32656089999999,,"FALSE","Tuesday: Closed, Wednesday: Open 24 hours, Thursday: Open 24 hours, Friday: Closed, Saturday: Closed, Sunday: Closed, Monday: Closed",,,,,"Fazlia Colony"
"ChIJ-VDDGvwFGTkR5xpGfvvvvaI","Ahmad Honda Autos Gulberg","G965+F57, Gurumangat Rd, Block A1 Block A 1 Gulberg III, Lahore, Pakistan","https://www.google.com/maps?cid=11726792868176992999","https://search.google.com/local/reviews?placeid=ChIJ-VDDGvwFGTkR5xpGfvvvvaI&q=auto+repair+shop+lahore&authuser=0&hl=en","G965+F57, Gurumangat Rd","Auto repair shop",,"Amenities: Mechanic","03004170120",1,5,31.511097399999997,74.3578184,,"FALSE","Tuesday: 9:30 AM–11 PM, Wednesday: 9:30 AM–11 PM, Thursday: 9:30 AM–11 PM, Friday: 9:30 AM–11 PM, Saturday: 9:30 AM–11 PM, Sunday: 9:30 AM–11 PM, Monday: 9:30 AM–11 PM",,,,,"Block A1 Block A 1 Gulberg III"
"ChIJ8QjUheoFGTkR81--YsSpkns","Bengali motor","Front on, 201 Shahrah-e-Quaid-e-Azam, Saiden Shah Colony Upper Mall Scheme, Lahore, Pakistan","https://www.google.com/maps?cid=8904366074200219635","https://search.google.com/local/reviews?placeid=ChIJ8QjUheoFGTkR81--YsSpkns&q=auto+repair+shop+lahore&authuser=0&hl=en","Front on, 201 Shahrah-e-Quaid-e-Azam","Mechanic",,"","03004533593",8,4.6,31.5390402,74.3599571,,"FALSE","",,,,,"Saiden Shah Colony Upper Mall Scheme"
"ChIJyeyzzKwBGTkRCyfsaSGVjWU","Bhai Bhai autoworkshop and car ac","42, Township, Township Block 10 Sector B 1 Lahore, 54770, Pakistan","https://www.google.com/maps?cid=7317668940290467595","https://search.google.com/local/reviews?placeid=ChIJyeyzzKwBGTkRCyfsaSGVjWU&q=auto+repair+shop+lahore&authuser=0&hl=en","42, Township","Auto tune up service",,"","03214194335",9,3.7,31.466186299999997,74.3092842,,"FALSE","",,,,,"Township Block 10 Sector B 1"
"ChIJD3ecdiUFGTkR69_NwbT14Go","Tyre Max - Gulberg","College Rd, Block P Ghalib Market Gulberg 2, Lahore, 54000, Pakistan","https://www.google.com/maps?cid=7701425519497961451","https://search.google.com/local/reviews?placeid=ChIJD3ecdiUFGTkR69_NwbT14Go&q=auto+repair+shop+lahore&authuser=0&hl=en","College Rd","Tire shop, Tire service, Wheel store","Delivery, In-store pickup, In-store shopping, Onsite services","Service options: Delivery, In-store pickup, In-store shopping, Onsite services; Amenities: Mechanic, Restroom; Planning: Quick visit; Payments: Credit cards, Debit cards, NFC mobile payments, Credit cards; Parking: On-site parking","03054182477",20,4.9,31.520974199999998,74.35011209999999,,"TRUE","Tuesday: 10 AM–10 PM, Wednesday: 10 AM–10 PM, Thursday: 10 AM–10 PM, Friday: 10 AM–10 PM, Saturday: 10 AM–10 PM, Sunday: Closed, Monday: 10 AM–10 PM",,,,,"Block P Ghalib Market Gulberg 2"
"ChIJ90xVYQIEGTkRni_p1jiJkxQ","CarFirst Purchase Center - Metro Link Road Lahore","Metro Cash & Carry Parking، Link Road, Block G Model Town, Lahore, 54700, Pakistan","https://www.google.com/maps?cid=1482679579551805342","https://search.google.com/local/reviews?placeid=ChIJ90xVYQIEGTkRni_p1jiJkxQ&q=auto+repair+shop+lahore&authuser=0&hl=en","Metro Cash & Carry Parking، Link Road","Car inspection station, Used car dealer",,"Accessibility: Wheelchair accessible entrance, Wheelchair accessible parking lot; Amenities: Mechanic","042111111227",142,3.8,31.4725836,74.3206872,,"TRUE","Tuesday: 10 AM–7 PM, Wednesday: 10 AM–7 PM, Thursday: 10 AM–7 PM, Friday: 10 AM–7 PM, Saturday: 10 AM–7 PM, Sunday: Closed, Monday: 10 AM–7 PM",,,,,"Block G Model Town"
"ChIJ_0h73TYFGTkRAx5gsU3WZK0","Bismillah motorcycle repair","G9C5+5G4 Bismillah motorcycle repair village GaGa, hedyara road, Block N Gulberg III, Lahore, Pakistan","https://www.google.com/maps?cid=12494346895409290755","https://search.google.com/local/reviews?placeid=ChIJ_0h73TYFGTkRAx5gsU3WZK0&q=auto+repair+shop+lahore&authuser=0&hl=en","G9C5+5G4 Bismillah motorcycle repair village GaGa, hedyara road","Motorcycle repair shop",,"Amenities: Mechanic","03247343644",1,5,31.5203906,74.35881669999999,,"FALSE","Tuesday: Open 24 hours, Wednesday: Open 24 hours, Thursday: Open 24 hours, Friday: Open 24 hours, Saturday: Open 24 hours, Sunday: Open 24 hours, Monday: Open 24 hours",,,,,"Block N Gulberg III"
"ChIJFzJWEysFGTkR_WZuW34PGU0","Gulberg Honda center","G965+74H, Block A 2 Gulberg III, Lahore, Pakistan","https://www.google.com/maps?cid=5555488650712475389","https://search.google.com/local/reviews?placeid=ChIJFzJWEysFGTkR_WZuW34PGU0&q=auto+repair+shop+lahore&authuser=0&hl=en","G965+74H","Motorcycle repair shop",,"Amenities: Mechanic","03004178944",48,4.4,31.510730199999998,74.3578608,,"FALSE","Tuesday: 9 AM–8 PM, Wednesday: 9 AM–8 PM, Thursday: 9 AM–8 PM, Friday: 9 AM–8 PM, Saturday: 9 AM–8 PM, Sunday: 10 AM–6 PM, Monday: 9 AM–8 PM",,,,,"Block A 2 Gulberg III"
"ChIJISQaWQAFGTkR-loM6vHKDuQ","Numan Car Care Center","G9C5+5G4, Block N Gulberg III, Lahore, Pakistan","https://www.google.com/maps?cid=16433295230684125946",,"G9C5+5G4","Auto repair shop",,"Amenities: Mechanic",,,,31.5203906,74.35881669999999,,"FALSE","",,,,,"Block N Gulberg III"
"ChIJdyYtDgAFGTkRTo_lMhOtOpg","Sultan auto","G9C5+5G4, Block N Madina town, Lahore, Pakistan","https://www.google.com/maps?cid=10969270140384153422",,"G9C5+5G4","Auto repair shop",,"Amenities: Mechanic",,,,31.5203906,74.35881669999999,,"FALSE","",,,,,"Block N Madina town"
"ChIJ4eF4Hg0FGTkRcx7iNecJUvc","Saleem Tyres","G9F3+3V9, Block Q Gulberg 2, Lahore, Pakistan","https://www.google.com/maps?cid=17821317564104580723","https://search.google.com/local/reviews?placeid=ChIJ4eF4Hg0FGTkRcx7iNecJUvc&q=auto+repair+shop+lahore&authuser=0&hl=en","G9F3+3V9","Tire shop",,"Amenities: Mechanic; Payments: Cash-only","03214559987",10,5,31.5226676,74.35474959999999,,"FALSE","Tuesday: 8 AM–9 PM, Wednesday: 8 AM–9 PM, Thursday: 8 AM–9 PM, Friday: 8 AM–9 PM, Saturday: 8 AM–9 PM, Sunday: Closed, Monday: 8 AM–9 PM",,,,,"Block Q Gulberg 2"
"ChIJ-bbJoM8FGTkRosCIdOH0vH0","USTAD ZAHID MAJA","G9C5+5G4, Unnamed Road, Block N Gulberg III, Lahore, Pakistan","https://www.google.com/maps?cid=9060385799522533538",,"G9C5+5G4, Unnamed Road","Auto repair shop",,"Amenities: Mechanic","03044845231",,,31.5203906,74.35881669999999,,"FALSE","Tuesday: Open 24 hours, Wednesday: Open 24 hours, Thursday: Open 24 hours, Friday: Open 24 hours, Saturday: Open 24 hours, Sunday: Closed, Monday: Open 24 hours",,,,,"Block N Gulberg III"
"ChIJfwv3Fh__GDkRIxYN1GRjh4U","Autobots Car Repairs","34 Street 48 Topaz Block, Park View City Lahore Topaz Block Park View, Lahore, 54000, Pakistan","https://www.google.com/maps?cid=9621768413605860899",,"34 Street 48 Topaz Block","Car repair and maintenance service",,"","03009431663",,,31.454319899999998,74.2006878,,"TRUE","Tuesday: Open 24 hours, Wednesday: Open 24 hours, Thursday: Open 24 hours, Friday: Open 24 hours, Saturday: Open 24 hours, Sunday: Open 24 hours, Monday: Open 24 hours",,,,,"Park View City Lahore Topaz Block Park View"
"ChIJ891VwwuV3zgRBYf14o3EkXk","Jameel Auto Workshop","Ring road service line number 3, near Askari 11, Askari XI, gate, Pakistan","https://www.google.com/maps?cid=8759998863889499909","https://search.google.com/local/reviews?placeid=ChIJ891VwwuV3zgRBYf14o3EkXk&q=auto+repair+shop+lahore&authuser=0&hl=en","Ring road service line number 3, near Askari 11","Car repair and maintenance service",,"","03444302070",13,3.8,31.4641825,74.4303647,,"TRUE","",,,,,"Askari XI"
"ChIJW-W4YWeFiKYR68MZnFum9Vw","Classic Rent A Car harbancepura",,"https://www.google.com/maps?cid=6698442933174649835",,,"Rental car return location, Service establishment",,"","03214976124",,,31.4829403,74.3343893,,"TRUE","Tuesday: Open 24 hours, Wednesday: Open 24 hours, Thursday: Open 24 hours, Friday: Open 24 hours, Saturday: Open 24 hours, Sunday: Open 24 hours, Monday: Open 24 hours",,,,,
"ChIJMfsZawAFGTkRGBeMLc-7QNQ","United Hussain auto motorcycles shop","Hussain plaza, peer gali, road, Block N Walton, Lahore, 54750, Pakistan","https://www.google.com/maps?cid=15294430833046984472",,"Hussain plaza, peer gali, road","Motorcycle repair shop",,"Amenities: Mechanic","03214325030",,,31.5203906,74.35881669999999,,"FALSE","Tuesday: Open 24 hours, Wednesday: Open 24 hours, Thursday: Open 24 hours, Friday: Open 24 hours, Saturday: Open 24 hours, Sunday: Open 24 hours, Monday: Open 24 hours",,,,,"Block N Walton"
"ChIJDXdbSAAFGTkRDIk-1yEQ0TM","MTI cool point lahore block d Gulberg 3 Al hafeez shoping mall","Al Hafeez Shopping Mall, Main Blvd Gulberg, Block D 1 Block D1 Gulberg III, Lahore, 54660, Pakistan","https://www.google.com/maps?cid=3733783303598016780",,"Al Hafeez Shopping Mall, Main Blvd Gulberg","Auto repair shop",,"Amenities: Mechanic",,,,31.5171308,74.3446513,,"TRUE","",,,,,"Block D 1 Block D1 Gulberg III"
"ChIJ56qABNEPGTkR5lWO0PNXfeQ","CAR DETAILING EXPERTS","Home service online, Block N Gulberg III, Lahore, Pakistan","https://www.google.com/maps?cid=16464412517424059878","https://search.google.com/local/reviews?placeid=ChIJ56qABNEPGTkR5lWO0PNXfeQ&q=auto+repair+shop+lahore&authuser=0&hl=en","Home service online","Self service car wash",,"","03344885560",26,4.8,31.52037,74.358747,"https://carsdetailingexperts.com/","TRUE","Tuesday: Open 24 hours, Wednesday: Open 24 hours, Thursday: Open 24 hours, Friday: Open 24 hours, Saturday: Open 24 hours, Sunday: Open 24 hours, Monday: Open 24 hours",,,,,"Block N Gulberg III"
"ChIJbW_-aZQFGTkR4swDQWqojis","Butt Autos & Spare Parts","N Block, Shop # 2, Kashmir Rd, Gulberg 2, Lahore, 54000, Pakistan","https://www.google.com/maps?cid=3138631164634582242","https://search.google.com/local/reviews?placeid=ChIJbW_-aZQFGTkR4swDQWqojis&q=auto+repair+shop+lahore&authuser=0&hl=en","N Block, Shop # 2, Kashmir Rd","Motorcycle parts store",,"","03024152707",18,4.6,31.526783199999997,74.3571158,,"TRUE","Tuesday: 9 AM–8:30 PM, Wednesday: 9 AM–8:30 PM, Thursday: 9 AM–8:30 PM, Friday: 10 AM–8:30 PM, Saturday: 9 AM–8:30 PM, Sunday: 10:30 AM–5:30 PM, Monday: 9 AM–8:30 PM",,,,,"Gulberg 2"
"ChIJ9b-YNAAFGTkRfhaeLEp3xy8","Pana","G9C5+5G4, Block N Gulberg III, Lahore, Pakistan","https://www.google.com/maps?cid=3442851600607876734",,"G9C5+5G4","Auto repair shop",,"Amenities: Mechanic",,,,31.5203906,74.35881669999999,,"FALSE","",,,,,"Block N Gulberg III"
"ChIJuYUPy4MFGTkRZqWLdZk0DIA","Asif Traders - Tyre Shop","99-B Hussain Chowk, 3 MM Alam Rd, Block B 3 Gulberg, Lahore, 54000, Pakistan","https://www.google.com/maps?cid=9226807570282030438","https://search.google.com/local/reviews?placeid=ChIJuYUPy4MFGTkRZqWLdZk0DIA&q=auto+repair+shop+lahore&authuser=0&hl=en","99-B Hussain Chowk, 3 MM Alam Rd","Tire shop, Wheel alignment service, Wheel store","Delivery, In-store pickup, In-store shopping, Onsite services","Service options: Delivery, In-store pickup, In-store shopping, Onsite services; Accessibility: Wheelchair accessible entrance, Wheelchair accessible parking lot, Wheelchair accessible restroom, Wheelchair accessible seating; Offerings: Oil change; Amenities: Gender-neutral restroom, Mechanic, Restroom, Wi-Fi, Wi-Fi; Planning: Quick visit; Payments: Checks, Credit cards, Debit cards, NFC mobile payments, Credit cards; Parking: Free parking garage, Free parking lot, Free street parking, On-site parking","03055551960",394,4.7,31.505886099999998,74.34974869999999,"https://asiftraders.org/","TRUE","Tuesday: 10 AM–10 PM, Wednesday: 10 AM–10 PM, Thursday: 10 AM–10 PM, Friday: 10 AM–10 PM, Saturday: 10 AM–10 PM, Sunday: 10 AM–10 PM, Monday: 10 AM–10 PM",,,,,"Block B3 Block B 3 Gulberg"
"ChIJS7MDtU8FGTkR_v6FbO5BGX0","Al -saudia Auto workshop","Sheikhupra Lahore road Main, 1 Road, Block N Gulberg III, Faisalabad, 38000, Pakistan","https://www.google.com/maps?cid=9014308621437501182",,"Sheikhupra Lahore road Main, 1 Road","Auto parts store",,"","03137252572",,,31.5203906,74.35881669999999,,"TRUE","Tuesday: 9 AM–7 PM, Wednesday: 9 AM–7 PM, Thursday: 9 AM–7 PM, Friday: Closed, Saturday: Open 24 hours, Sunday: 9 AM–7 PM, Monday: 9 AM–7 PM",,,,,"Block N Gulberg III"
"ChIJAYwgThUFGTkRROwwf7AZzbY","M.S Tyre","Gurumangat Rd, Jinnah Park Block N Gulberg III, Lahore, Pakistan","https://www.google.com/maps?cid=13172212730967419972","https://search.google.com/local/reviews?placeid=ChIJAYwgThUFGTkRROwwf7AZzbY&q=auto+repair+shop+lahore&authuser=0&hl=en","Gurumangat Rd","Tire shop",,"Amenities: Mechanic; Payments: Debit cards, NFC mobile payments, Credit cards","03334543456",7,4.1,31.521790799999998,74.3573388,,"TRUE","Tuesday: 8 AM–8 PM, Wednesday: 8 AM–8 PM, Thursday: 8 AM–8 PM, Friday: 8 AM–8 PM, Saturday: 8 AM–8 PM, Sunday: 9:30 AM–8 PM, Monday: 8 AM–8 PM",,,,,"Jinnah Park Block N Gulberg III"
"ChIJQcSEVFUEGTkRJ0tBtMwqAXg","Suzuki Madni Motors","43 D, Industrial Area Block N Gulberg 2, Lahore, 54000, Pakistan","https://www.google.com/maps?cid=8647239818213935911","https://search.google.com/local/reviews?placeid=ChIJQcSEVFUEGTkRJ0tBtMwqAXg&q=auto+repair+shop+lahore&authuser=0&hl=en","43 D","Suzuki dealer, Auto body shop, Car dealer, Oil change service","Delivery, Onsite services","Service options: Delivery, Onsite services; Accessibility: Wheelchair accessible entrance, Wheelchair accessible parking lot; Offerings: Car wash, Oil change, Repair services; Payments: Checks, Credit cards, Debit cards, Credit cards","03334751567",1454,4.6,31.520032999999998,74.358606,"http://www.madnimotors.com/","TRUE","Tuesday: 9 AM–6 PM, Wednesday: 9 AM–6 PM, Thursday: 9 AM–6 PM, Friday: 9 AM–6 PM, Saturday: 9 AM–6 PM, Sunday: Closed, Monday: 9 AM–6 PM",,,,,"Industrial Area Block N Gulberg 2"
"ChIJkVFCYgAFGTkR86q2MW1ek80","شکیل الیکٹرانکس","G9C5+5G4, Block N Gulberg III, Lahore, Pakistan","https://www.google.com/maps?cid=14813287422430194419",,"G9C5+5G4","Auto repair shop",,"Amenities: Mechanic",,,,31.5203906,74.35881669999999,,"FALSE","",,,,,"Block N Gulberg III"
"ChIJh0FyY-z6oW8RMipA74QSgpE","Harris Rant a car",,"https://www.google.com/maps?cid=10484963244630878770",,,"Driving school, Service establishment",,"","03078790422",,,31.577010599999998,74.4276806,,"TRUE","Tuesday: 12 PM–12 AM, Wednesday: 12 PM–12 AM, Thursday: 12 PM–12 AM, Friday: 2 AM–12 AM, Saturday: 2 AM–12 AM, Sunday: Closed, Monday: 12 PM–12 AM",,,,,
"ChIJJ6wtQwAFGTkRYKeKUaqZVVg","M Waqasurfkashi1","G9C5+5F5,e, Pakistan, Block N Gulberg III, Lahore, Pakistan","https://www.google.com/maps?cid=6365162605149595488",,"G9C5+5F5,e, Pakistan","Auto repair shop",,"Amenities: Mechanic",,,,31.520409899999997,74.3588087,,"FALSE","",,,,,"Block N Gulberg III"
"ChIJmWkN0r8FGTkRZtV6vAPogYk","JAC Rajpoot Motors","G9C4+MQ6, Gurumangat Rd, Block N Gulberg III, Lahore, Pakistan","https://www.google.com/maps?cid=9908455757936514406","https://search.google.com/local/reviews?placeid=ChIJmWkN0r8FGTkRZtV6vAPogYk&q=auto+repair+shop+lahore&authuser=0&hl=en","G9C4+MQ6, Gurumangat Rd","Car dealer",,"","03004047300",19,3.6,31.521663699999998,74.35688379999999,,"FALSE","Tuesday: 9 AM–6 PM, Wednesday: 9 AM–6 PM, Thursday: 9 AM–6 PM, Friday: 9 AM–6 PM, Saturday: 9 AM–6 PM, Sunday: Closed, Monday: 9 AM–6 PM",,,,,"Block N Gulberg III"
"ChIJAQmms98FGTkR7UQo4_Cs09U","Expo Auto","Plot#12 J2, near Expo Centre, Block N Gulberg III, Lahore, Pakistan","https://www.google.com/maps?cid=15407848900767794413",,"Plot#12 J2, near Expo Centre","Auto restoration service",,"",,,,31.5203906,74.35881669999999,,"TRUE","",,,,,"Block N Gulberg III"
"ChIJU_v1DwAFGTkR6DiG2tb-2E4","Ajmal Auto Electrician","G9G6+353, Christian Colony, Lahore, Pakistan","https://www.google.com/maps?cid=5681571128670566632",,"G9G6+353","Auto repair shop",,"Amenities: Mechanic",,,,31.525124899999998,74.3603071,,"FALSE","",,,,,"Christian Colony"
"ChIJj3yE5RwFGTkRnUVHy4bReOw","Fareed Motors","G9C5+5G4, Block N Gulberg III, Lahore, Pakistan","https://www.google.com/maps?cid=17039599567022540189","https://search.google.com/local/reviews?placeid=ChIJj3yE5RwFGTkRnUVHy4bReOw&q=auto+repair+shop+lahore&authuser=0&hl=en","G9C5+5G4","Auto body shop",,"Amenities: Mechanic",,1,5,31.5203906,74.35881669999999,,"FALSE","",,,,,"Block N Gulberg III"
"ChIJv5EaOngFGTkR5d5e5O6i6dk","Shahzad Auto Workshop & Mechanic","7, Abu Bakar Block Garden Town, Lahore, Pakistan","https://www.google.com/maps?cid=15702260722721283813","https://search.google.com/local/reviews?placeid=ChIJv5EaOngFGTkR5d5e5O6i6dk&q=auto+repair+shop+lahore&authuser=0&hl=en","7","Auto repair shop",,"Amenities: Mechanic; Payments: Cash-only","03008141899",46,4.1,31.5138544,74.3280563,,"TRUE","",,,,,"Abu Bakar Block Garden Town"
"ChIJLW6NSgAFGTkRcJizrxL2C3o","جمشید آٹو ورکشاپ","جمشید آ ٹوور کشاپ, 17 کلومیٹرفرروز پور روڈ, Block N Gulberg III, Lahore, Pakistan","https://www.google.com/maps?cid=8794393257488652400",,"جمشید آ ٹوور کشاپ, 17 کلومیٹرفرروز پور روڈ","Auto repair shop",,"Amenities: Mechanic",,,,31.5203906,74.35881669999999,,"FALSE","",,,,,"Block N Gulberg III"
"ChIJhc3pBUoFGTkRU80e8_s3XA0","Tyre Masters Pakistan","MEGA TOWER, Office No 206, 5 th Floor,(63-B, II Main Boulevard Gulberg, Main Gulberg, Lahore, 54660, Pakistan","https://www.google.com/maps?cid=962705975605644627","https://search.google.com/local/reviews?placeid=ChIJhc3pBUoFGTkRU80e8_s3XA0&q=auto+repair+shop+lahore&authuser=0&hl=en","MEGA TOWER, Office No 206, 5 th Floor,(63-B, II Main Boulevard Gulberg","Tire shop","Delivery, In-store pickup","Service options: Delivery, In-store pickup; Amenities: Mechanic","03237778998",5,4,31.5278276,74.34937339999999,,"TRUE","Tuesday: 9 AM–6 PM, Wednesday: 9 AM–6 PM, Thursday: 9 AM–6 PM, Friday: 9 AM–6 PM, Saturday: 9 AM–6 PM, Sunday: Closed, Monday: 9 AM–6 PM",,,,,"Main Gulberg"
"ChIJ3RHUEgAFGTkRN17AdXWa5Iw","JUTT AUTO SAPHAIR PARTS","8QCR+52R Lahore, Jaranwala Rd, Malikabad More Block N Gulberg III, Khunda, Pakistan","https://www.google.com/maps?cid=10152409289277333047",,"8QCR+52R Lahore, Jaranwala Rd","Motorcycle repair shop",,"Amenities: Mechanic","03081834786",,,31.5203906,74.35881669999999,,"FALSE","",,,,,"Malikabad More Block N Gulberg III"
"ChIJM9zauQwFGTkR3b-ytHDSAj4","Imran Auto spare parts","G9F6+P9J, Academy Road, Fateh Abad Fatehabad, Lahore, Pakistan","https://www.google.com/maps?cid=4468365161814736861","https://search.google.com/local/reviews?placeid=ChIJM9zauQwFGTkR3b-ytHDSAj4&q=auto+repair+shop+lahore&authuser=0&hl=en","G9F6+P9J, Academy Road","Motorcycle repair shop",,"Amenities: Mechanic",,1,5,31.524328699999998,74.36090209999999,,"FALSE","",,,,,"Fateh Abad Fatehabad"
"ChIJi-EX9RAFGTkRF8_zlTOWaiQ","AutoScan Lahore - Mobile Car Inspection","MM Alam Rd, Gulberg Block B 1 III, Lahore, Pakistan","https://www.google.com/maps?cid=2624074881200017175",,"MM Alam Rd","Car inspection station",,"Amenities: Mechanic","03066108843",,,31.515107699999998,74.3517514,,"TRUE","Tuesday: 6:30 PM–12 AM, Wednesday: 6:30 PM–12 AM, Thursday: 6:30 PM–12 AM, Friday: 6:30 PM–12 AM, Saturday: Open 24 hours, Sunday: Open 24 hours, Monday: 6:30 PM–12 AM",,,,,"Gulberg Block B 1 III"
"ChIJs8-EpiAFGTkR8wsKQquEoAM","Nazami auto Atlas Honda service mull","G9C5+5G4, Block N Gulberg III, Lahore, Pakistan","https://www.google.com/maps?cid=261354649469717491",,"G9C5+5G4","Auto repair shop",,"Amenities: Mechanic",,,,31.5203906,74.35881669999999,,"FALSE","",,,,,"Block N Gulberg III"
"ChIJ_UAqEZEFGTkRznIEFw7FcbI","Bismillah Cash Prize Bond","Plot 6, Main Market, Lahore, Pakistan","https://www.google.com/maps?cid=12858275075425858254","https://search.google.com/local/reviews?placeid=ChIJ_UAqEZEFGTkRznIEFw7FcbI&q=auto+repair+shop+lahore&authuser=0&hl=en","Plot 6","Auto spring shop","Onsite services","Service options: Onsite services; Amenities: Mechanic","04235872786",84,4.9,31.523665299999998,74.34663019999999,,"FALSE","Tuesday: 9 AM–9 PM, Wednesday: 9 AM–9 PM, Thursday: 9 AM–9 PM, Friday: 9 AM–9 PM, Saturday: 9 AM–9 PM, Sunday: 9 AM–9 PM, Monday: 9 AM–9 PM",,,,,"Main Market"
"ChIJOdOMyNQDGTkRImFeruW9OEc","Butt Auto Maintenance","48-J Multan Rd, Sarai Lahore, Pakistan","https://www.google.com/maps?cid=5132060569559261474","https://search.google.com/local/reviews?placeid=ChIJOdOMyNQDGTkRImFeruW9OEc&q=auto+repair+shop+lahore&authuser=0&hl=en","48-J Multan Rd","Auto repair shop",,"Amenities: Mechanic","03064191503",4,3.8,31.475820799999997,74.2419341,,"FALSE","Tuesday: 9 PM–12 AM, Wednesday: 9 PM–12 AM, Thursday: 9 PM–12 AM, Friday: 9 PM–12 AM, Saturday: 9 PM–12 AM, Sunday: 12 AM–9 PM, Monday: 9 PM–12 AM",,,,,"Sarai"
"ChIJSahInjoFGTkR5v9u94ox5fs","Syed brothers auto","G9F5+329, Block N Jinnah Park, Lahore, Pakistan","https://www.google.com/maps?cid=18150968346113146854",,"G9F5+329","Auto repair shop",,"Amenities: Mechanic","03144209610",,,31.522658999999997,74.35761529999999,,"FALSE","Tuesday: 8:30–9 AM, Wednesday: 8:30–9 AM, Thursday: 8:30–9 AM, Friday: 8:30–9 AM, Saturday: 8:30–9 AM, Sunday: 8:30–9 AM, Monday: 8:30–9 AM",,,,,"Block N Jinnah Park"
"ChIJNRDVhGgEGTkRfhYZzZerCQw","Changan City Sales","75-B، L Block Lahore – Kasur Rd, Block L Block E 2 Gulberg III, Lahore, 54000, Pakistan","https://www.google.com/maps?cid=867413071714915966","https://search.google.com/local/reviews?placeid=ChIJNRDVhGgEGTkRfhYZzZerCQw&q=auto+repair+shop+lahore&authuser=0&hl=en","75-B، L Block Lahore – Kasur Rd","Car dealer, Auto machine shop, Auto tune up service, Car repair and maintenance service, Motor vehicle dealer","Delivery, Onsite services","Service options: Delivery, Onsite services; Accessibility: Wheelchair accessible entrance, Wheelchair accessible parking lot; Offerings: Car wash, Oil change, Repair services; Planning: Appointment required; Payments: Credit cards, Debit cards; Parking: Free parking lot, Paid parking lot","03111115500",3210,4.1,31.5055655,74.3316674,"https://www.citysales.pk/","TRUE","Tuesday: 9 AM–7 PM, Wednesday: 9 AM–7 PM, Thursday: 9 AM–7 PM, Friday: 9 AM–5 PM, Saturday: 9 AM–7 PM, Sunday: Closed, Monday: 9 AM–7 PM",,,,,"Block L Block E 2 Gulberg III"
"ChIJZxjGbDIFGTkR2_DcoZZXM0U","Ustad Sarkari Land Rover Mechanic","G9C5+5G4, Ravi Choke, Purana pull Block N Gulberg III, Lahore, Pakistan","https://www.google.com/maps?cid=4986425516901593307",,"G9C5+5G4, Ravi Choke","Auto repair shop",,"Amenities: Mechanic",,,,31.5203906,74.35881669999999,,"FALSE","",,,,,"Purana pull Block N Gulberg III"
"ChIJm9gZMAAFGTkRU20p_FfB84k","Ada sowasil","G9C5+5G4, Block N Gulberg III, Lahore, Pakistan","https://www.google.com/maps?cid=9940501386173705555",,"G9C5+5G4","Auto repair shop",,"Amenities: Mechanic",,,,31.5203906,74.35881669999999,,"FALSE","",,,,,"Block N Gulberg III"
"ChIJHVutCQAFGTkRRcrhh3LTLyI","Al Buraq Auto","G9C5+5G4, Chandra road, Block N Gulberg III, Lahore, Pakistan","https://www.google.com/maps?cid=2463420010054404677",,"G9C5+5G4, Chandra road","Auto repair shop",,"Amenities: Mechanic",,,,31.5203906,74.35881669999999,,"FALSE","",,,,,"Block N Gulberg III"
"ChIJ0x-AdQAFGTkRZZ-F4wXBkZE","Ahmad Auto","G9C5+5G4, Ashfaq chowk, near smart school, Block N Gulberg III, Lahore, Pakistan","https://www.google.com/maps?cid=10489377238158778213",,"G9C5+5G4, Ashfaq chowk, near smart school","Motorcycle repair shop",,"Amenities: Mechanic",,,,31.5203906,74.35881669999999,,"FALSE","",,,,,"Block N Gulberg III"
"ChIJ9fvNMlEFGTkR_YaoVt5ve9s","Rent A Car Lahore","2 Gulberg Rd, Millat Colony, Lahore, 54800, Pakistan","https://www.google.com/maps?cid=15815357517168936701","https://search.google.com/local/reviews?placeid=ChIJ9fvNMlEFGTkR_YaoVt5ve9s&q=auto+repair+shop+lahore&authuser=0&hl=en","2 Gulberg Rd","Car leasing service, Airport shuttle service, Chauffeur service",,"","03218887578",5,5,31.528881799999997,74.3594145,,"TRUE","Tuesday: Open 24 hours, Wednesday: Open 24 hours, Thursday: Open 24 hours, Friday: Open 24 hours, Saturday: Open 24 hours, Sunday: Open 24 hours, Monday: Open 24 hours",,,,,"Millat Colony"
"ChIJdzsrPrcFGTkR2eI_tc1Ec64","Honda service centre","127 Hazrat Miran Shah Zanjani Rd, Block O Gulberg 2, Lahore, Pakistan","https://www.google.com/maps?cid=12570466635221033689","https://search.google.com/local/reviews?placeid=ChIJdzsrPrcFGTkR2eI_tc1Ec64&q=auto+repair+shop+lahore&authuser=0&hl=en","127 Hazrat Miran Shah Zanjani Rd","Motorcycle repair shop",,"Amenities: Mechanic",,4,3,31.523132099999998,74.3420457,,"FALSE","",,,,,"Block O Gulberg 2"
"ChIJiwBJIQAFGTkRCAJIggFM2ZE","Badarpura stop","pillar no 165, badarpura stop khadme rabuwat staion orange line train, 218/1, main multan road, Block N Gulberg III, Lahore, Pakistan","https://www.google.com/maps?cid=10509514774810198536",,"pillar no 165, badarpura stop khadme rabuwat staion orange line train, 218/1, main multan road","Motorcycle repair shop",,"Amenities: Mechanic","03174491556",,,31.5209044,74.3590904,,"FALSE","Tuesday: 10 AM–10 PM, Wednesday: 10 AM–10 PM, Thursday: 10 AM–10 PM, Friday: Closed, Saturday: 10 AM–10 PM, Sunday: 12–8 PM, Monday: 10 AM–10 PM",,,,,"Block N Gulberg III"
"ChIJT1pSXjgIdYwRPDJ7r_viRyc","TZ Auto Gradge",,"https://www.google.com/maps?cid=2830480461434401340",,,"Auto electrical service, Service establishment",,"","03214605086",,,31.408240799999998,74.27297039999999,,"TRUE","Tuesday: Open 24 hours, Wednesday: Open 24 hours, Thursday: Open 24 hours, Friday: Open 24 hours, Saturday: Open 24 hours, Sunday: Open 24 hours, Monday: Open 24 hours",,,,,
"ChIJkS2GCgAFGTkRJLaKtJcpFag","Shah Jamal Autos","12 N Gurumangat Rd, opp. cakes and bakes, Block N Gulberg III, Lahore, 54660, Pakistan","https://www.google.com/maps?cid=12111632504428607012",,"12 N Gurumangat Rd, opp. cakes and bakes","Motorcycle repair shop",,"Amenities: Mechanic","03138839488",,,31.522794299999997,74.35603189999999,,"FALSE","",,,,,"Block N Gulberg III"
"ChIJWWUcXgAFGTkR9Ex-iVI-xQU","Tawakkal Traders - Tawakkal Center","Shop No. 2, Rewali Tyre Market, near Esa Butt Masjid, Block N Gulberg III, Lahore, Pakistan","https://www.google.com/maps?cid=415807064816635124",,"Shop No. 2, Rewali Tyre Market, near Esa Butt Masjid","Tire shop",,"Amenities: Mechanic","03224485220",,,31.5203906,74.35881669999999,,"FALSE","Tuesday: 10 AM–10 PM, Wednesday: 10 AM–10 PM, Thursday: 10 AM–10 PM, Friday: 10 AM–10 PM, Saturday: 10 AM–10 PM, Sunday: Closed, Monday: 10 AM–10 PM",,,,,"Block N Gulberg III"
"ChIJlUjhDn4FGTkRu5UfykOO1TI","Azhar Radiator Service","Gate 1, near Pepsi Cola Factory, Jinnah Park Block N Gulberg 2, Lahore, Pakistan","https://www.google.com/maps?cid=3662990293740787131",,"Gate 1, near Pepsi Cola Factory","Auto repair shop",,"Amenities: Mechanic","03002193998",,,31.5222391,74.35768589999999,,"FALSE","",,,,,"Jinnah Park Block N Gulberg 2"
"ChIJ7-sWw7EbGTkRomd8rt7WTqg","Abid Autos (Nissan)","8 Montgomery Rd, Montgomery Park Qila Gujjar Singh, Lahore, 54000, Pakistan","https://www.google.com/maps?cid=12127867098453796770","https://search.google.com/local/reviews?placeid=ChIJ7-sWw7EbGTkRomd8rt7WTqg&q=auto+repair+shop+lahore&authuser=0&hl=en","8 Montgomery Rd","Auto parts store",,"","03334379730",12,4.6,31.5684771,74.3280791,,"FALSE","",,,,,"Montgomery Park Qila Gujjar Singh"
"ChIJbSeF3jwFGTkRfDeiTGq6Xr0","MA refregritaion","Plot 451, Block N Gulberg III, Lahore, Pakistan","https://www.google.com/maps?cid=13645548886694180732",,"Plot 451","Auto repair shop",,"Amenities: Mechanic","03444439731",,,31.5203906,74.35881669999999,,"FALSE","",,,,,"Block N Gulberg III"
"ChIJmbDt_RwFGTkRuoUKfI3dO34","YANGO HEADOFFICE LAHORE","G985+25Q, 98-LDA Gurumangat Rd, opposite Nisar Art Press, Block A1 Block A 1 Gulberg III, Lahore, Pakistan","https://www.google.com/maps?cid=9096107472146040250","https://search.google.com/local/reviews?placeid=ChIJmbDt_RwFGTkRuoUKfI3dO34&q=auto+repair+shop+lahore&authuser=0&hl=en","G985+25Q, 98-LDA Gurumangat Rd, opposite Nisar Art Press","Car leasing service",,"","03271144534",211,5,31.515068,74.3579306,,"TRUE","Tuesday: 9 AM–5 PM, Wednesday: 9 AM–5 PM, Thursday: 9 AM–5 PM, Friday: 9 AM–5 PM, Saturday: 9 AM–5 PM, Sunday: Closed, Monday: 9 AM–5 PM",,,,,"Block A1 Block A 1 Gulberg III"
"ChIJ88OZ-WIDGTkRtrpVs2GuIx4","Masha Allah Auto Workshop","Sabzi Mandi Kamran Block Multan Chungi, Lahore, 54500, Pakistan","https://www.google.com/maps?cid=2171771179966511798","https://search.google.com/local/reviews?placeid=ChIJ88OZ-WIDGTkRtrpVs2GuIx4&q=auto+repair+shop+lahore&authuser=0&hl=en",,"Auto repair shop",,"Accessibility: Assistive hearing loop, Wheelchair accessible entrance, Wheelchair accessible parking lot, Wheelchair accessible seating, Wheelchair accessible restroom; Offerings: Oil change; Amenities: Mechanic; Payments: Cash-only","03074236994",1,5,31.4990398,74.2669865,,"TRUE","",,,,,"Sabzi Mandi Kamran Block Multan Chungi"
"ChIJMTm8SQAFGTkRqrmma1cCUV4","Tanvir Sons Autos and Spare Parts","12 N Gurumangat Rd, opp. cakes and bakes, Block N Gulberg III, Lahore, 54660, Pakistan","https://www.google.com/maps?cid=6796215887170288042",,"12 N Gurumangat Rd, opp. cakes and bakes","Motorcycle repair shop",,"Amenities: Mechanic","03074086306",,,31.522789699999997,74.3560287,,"FALSE","",,,,,"Block N Gulberg III"
"ChIJYbqFQgAFGTkRGOCPsGW1F4c","Hamid Honda Specialist","Block A, 2, Block A-2 Block A 2 Gulberg III, Lahore, Pakistan","https://www.google.com/maps?cid=9734448567943159832","https://search.google.com/local/reviews?placeid=ChIJYbqFQgAFGTkRGOCPsGW1F4c&q=auto+repair+shop+lahore&authuser=0&hl=en","Block A, 2","Motorcycle repair shop",,"Amenities: Mechanic",,1,5,31.5123367,74.3561809,,"FALSE","",,,,,"Block A-2 Block A 2 Gulberg III"
"ChIJE6TVOwAFGTkR3fcX3Aa95XM","Puncture shop","G9J3+GJ3, Block H Gulberg 2, Lahore, Pakistan","https://www.google.com/maps?cid=8351288921188464605","https://search.google.com/local/reviews?placeid=ChIJE6TVOwAFGTkR3fcX3Aa95XM&q=auto+repair+shop+lahore&authuser=0&hl=en","G9J3+GJ3","Motorcycle repair shop",,"Amenities: Mechanic",,1,4,31.531393899999998,74.3540001,,"FALSE","",,,,,"Block H Gulberg 2"
"ChIJEaqslugFGTkRF45Xl7D5Cv4","Umair Auto's","93 Gurumangat Rd, Gurumangat Block A 2 Gulberg III, Lahore, Pakistan","https://www.google.com/maps?cid=18305718172249460247","https://search.google.com/local/reviews?placeid=ChIJEaqslugFGTkRF45Xl7D5Cv4&q=auto+repair+shop+lahore&authuser=0&hl=en","93 Gurumangat Rd","Motorcycle parts store",,"Payments: Cash-only","03244369065",11,5,31.510262299999997,74.3577002,,"TRUE","Tuesday: 9–10 AM, Wednesday: 9–10 AM, Thursday: 9–10 AM, Friday: 9–10 AM, Saturday: 9–10 AM, Sunday: 9–10 AM, Monday: 9–10 AM",,,,,"Gurumangat Block A 2 Gulberg III"
"ChIJ1VsQC4EFGTkRLf4WNOPYtb8","M.A Car Accessories","Block T Gulberg 2, Lahore, 54870, Pakistan","https://www.google.com/maps?cid=13814185902371962413",,,"Car accessories store",,"","03014321512",,,31.518619299999997,74.3578969,,"FALSE","Tuesday: 11 AM–10:30 PM, Wednesday: 11 AM–10:30 PM, Thursday: 11 AM–10:30 PM, Friday: 11 AM–10:30 PM, Saturday: 11 AM–10:30 PM, Sunday: Closed, Monday: 11 AM–10:30 PM",,,,,"Block T Gulberg 2"
"ChIJXXAzMKgFGTkRVYULnt7SJCQ","Car Club","G9C9+878, Shami Rd, Cantt, Lahore, Pakistan","https://www.google.com/maps?cid=2604438338103117141","https://search.google.com/local/reviews?placeid=ChIJXXAzMKgFGTkRVYULnt7SJCQ&q=auto+repair+shop+lahore&authuser=0&hl=en","G9C9+878, Shami Rd","Car dealer",,"","03008440302",3,4.3,31.520778999999997,74.36819009999999,,"FALSE","Tuesday: 10 AM–8 PM, Wednesday: 10 AM–8 PM, Thursday: 10 AM–8 PM, Friday: Closed, Saturday: 10 AM–8 PM, Sunday: 10 AM–8 PM, Monday: 10 AM–8 PM",,,,,"Cantt"
"ChIJvfwJQgAFGTkRJ-GpbIoXZMg","Allah tu Akal kalach plate and Leather house","shop 12, Tarak adda, Plot no 14 cgr afaz goods, Block N Gulberg III, Lahore, Pakistan","https://www.google.com/maps?cid=14439692188552651047",,"shop 12, Tarak adda, Plot no 14 cgr afaz goods","Auto repair shop",,"Amenities: Mechanic",,,,31.5203906,74.35881669999999,,"FALSE","",,,,,"Block N Gulberg III"
"ChIJn9STSQAFGTkRh9PWKlB6KEc","Revenue Housing society","G9C5+5G4, Block N Gulberg III, Lahore, Pakistan","https://www.google.com/maps?cid=5127482660496003975",,"G9C5+5G4","Motorcycle repair shop",,"Amenities: Mechanic",,,,31.5203906,74.35881669999999,,"FALSE","",,,,,"Block N Gulberg III"
"ChIJe_aXPgAFGTkRQqqIgeiq9NM","Azam auto","G9C5+5G4, Katpar road, Block N Gulberg III, Lahore, Pakistan","https://www.google.com/maps?cid=15273020151902546498",,"G9C5+5G4, Katpar road","Auto parts store",,"",,,,31.5203906,74.35881669999999,,"FALSE","",,,,,"Block N Gulberg III"
"ChIJgX9X75gFGTkRyMZYlGCYgkU","AutoXspa","65 Katcha Ferozpur Rd, Jinnah Town, Lahore, 54000, Pakistan","https://www.google.com/maps?cid=5008733276162541256","https://search.google.com/local/reviews?placeid=ChIJgX9X75gFGTkRyMZYlGCYgkU&q=auto+repair+shop+lahore&authuser=0&hl=en","65 Katcha Ferozpur Rd","Car wash, Car dealer",,"","03214604764",5,4.4,31.5427108,74.31579169999999,"https://www.facebook.com/autoxspa9/","TRUE","Tuesday: 9 AM–10 PM, Wednesday: 9–10 AM, Thursday: 9 AM–10 PM, Friday: 9 AM–10 PM, Saturday: 9 AM–10 PM, Sunday: Closed, Monday: 9 AM–10 PM",,,,,"Jinnah Town"
"ChIJWSFNEQAFGTkRgDtOl7tMknU","Marhaba auto","G9C5+5G4 truck stand Rahmat Town Sahiwal, Main GT road, bypass, Block N Gulberg III, Lahore, Pakistan","https://www.google.com/maps?cid=8471918217618406272",,"G9C5+5G4 truck stand Rahmat Town Sahiwal, Main GT road, bypass","Auto parts store",,"",,,,31.5203906,74.35881669999999,,"FALSE","",,,,,"Block N Gulberg III"
"ChIJwX_-FgAFGTkRst3MLDXWPaw","Nabeel Honda care Center","Shop E, 123 street 16, Madina cly Block N Gulberg III, Lahore, Pakistan","https://www.google.com/maps?cid=12411311671976189362",,"Shop E, 123 street 16","Motorcycle repair shop",,"Amenities: Mechanic",,,,31.5203906,74.35881669999999,,"FALSE","",,,,,"Madina cly Block N Gulberg III"
"ChIJXe3l8QgFGTkRsFNiMR0fgFE","Furniture market","G9C5+5G4, Block N Gulberg III, Lahore, Pakistan","https://www.google.com/maps?cid=5872728124334166960","https://search.google.com/local/reviews?placeid=ChIJXe3l8QgFGTkRsFNiMR0fgFE&q=auto+repair+shop+lahore&authuser=0&hl=en","G9C5+5G4","Auto repair shop",,"Amenities: Mechanic",,10,4.8,31.5203906,74.35881669999999,,"FALSE","",,,,,"Block N Gulberg III"
"ChIJRQVs8DUFGTkRtjvJTVOhXlY","helper","G964+XXJ, Block A-2 Block A 2 Gulberg III, Lahore, 91132, Pakistan","https://www.google.com/maps?cid=6223589114231995318","https://search.google.com/local/reviews?placeid=ChIJRQVs8DUFGTkRtjvJTVOhXlY&q=auto+repair+shop+lahore&authuser=0&hl=en","G964+XXJ","Auto spring shop",,"Amenities: Mechanic","03234430833",2,4.5,31.5124678,74.3573783,,"FALSE","",,,,,"Block A-2 Block A 2 Gulberg III"
"ChIJ-5yav3gFGTkRXQ3I1NLZ8HE","Car wash","Nishat Chunian Group Head Office, College Rd, Block N Gulberg III, Lahore, 54660, Pakistan","https://www.google.com/maps?cid=8210301620232654173","https://search.google.com/local/reviews?placeid=ChIJ-5yav3gFGTkRXQ3I1NLZ8HE&q=auto+repair+shop+lahore&authuser=0&hl=en","Nishat Chunian Group Head Office, College Rd","Car wash",,"",,2,5,31.523232,74.356437,,"FALSE","",,,,,"Block N Gulberg III"
"ChIJHZ0yLwAFGTkR1vTFg-0Ut-c","Arshad tyre shop","G9C5+5G4, Attock petrol pump , opposite superior college , lahoremore, khanewal, Block N Gulberg III, Lahore, Pakistan","https://www.google.com/maps?cid=16696837153849996502",,"G9C5+5G4, Attock petrol pump , opposite superior college , lahoremore, khanewal","Tire shop",,"Amenities: Mechanic","03012797656",,,31.5203906,74.35881669999999,,"FALSE","",,,,,"Block N Gulberg III"
"ChIJTVs9z6gEGTkRsTBthfvZ3WY","Honda Fort","32 Queen's Road, Mozang Chungi, Lahore, 54000, Pakistan","https://www.google.com/maps?cid=7412320236020248753","https://search.google.com/local/reviews?placeid=ChIJTVs9z6gEGTkRsTBthfvZ3WY&q=auto+repair+shop+lahore&authuser=0&hl=en","32 Queen's Road","Honda dealer, Auto market, Auto parts store, Mechanic, Oil change service","Delivery, Onsite services","Service options: Delivery, Onsite services; Accessibility: Wheelchair accessible entrance, Wheelchair accessible parking lot; Offerings: Car wash, Oil change, Repair services; Payments: Credit cards, Debit cards, NFC mobile payments, Credit cards","04236361076",2040,4.1,31.550352099999998,74.3171005,"http://www.hondafort.com/","TRUE","Tuesday: 9 AM–5:30 PM, Wednesday: 9 AM–5:30 PM, Thursday: 9 AM–5:30 PM, Friday: 9 AM–5:30 PM, Saturday: 9 AM–5:30 PM, Sunday: Closed, Monday: 9 AM–5:30 PM",,,,,"Mozang Chungi"
"ChIJjeY-WQAFGTkRvIlGRoBdYCY","Amin stickers and number plates","Gurumangat Rd, Block S Block N Gulberg 2, Lahore, 54000, Pakistan","https://www.google.com/maps?cid=2765312976721709500",,"Gurumangat Rd","Auto repair shop",,"Amenities: Mechanic","03224167977",,,31.5229324,74.3557555,,"TRUE","",,,,,"Block S Block N Gulberg 2"
"ChIJbaB4agAFGTkRLd67rYdYK4A","Ali honda workshop","G9C5+5G4, g t road, near lahore bus stop, Block N Gulberg III, dina, Pakistan","https://www.google.com/maps?cid=9235572800611933741",,"G9C5+5G4, g t road, near lahore bus stop","Motorcycle repair shop",,"Amenities: Mechanic",,,,31.5203906,74.35881669999999,,"FALSE","",,,,,"Block N Gulberg III"
"ChIJn9KQW-MFGTkRMZCqDalAij4","Mohmmady Tyer dielar","G9C5+5G4, Naloka, Thana isatesion road, Block N Gulberg III, Lahore, Pakistan","https://www.google.com/maps?cid=4506485471960535089",,"G9C5+5G4, Naloka, Thana isatesion road","Tire shop",,"Amenities: Mechanic","03033589000",,,31.5203906,74.35881669999999,,"FALSE","",,,,,"Block N Gulberg III"
"ChIJQwo5hQIFGTkRoDzvGq03zQc","Dawood Driving Centre--In Lahore","G9H5+QPH, Gulberg Rd, Iqbal Colony, Lahore, Pakistan","https://www.google.com/maps?cid=562166745111936160","https://search.google.com/local/reviews?placeid=ChIJQwo5hQIFGTkRoDzvGq03zQc&q=auto+repair+shop+lahore&authuser=0&hl=en","G9H5+QPH, Gulberg Rd","Driving school",,"Accessibility: Wheelchair accessible entrance, Wheelchair accessible parking lot","03219442799",41,4.7,31.5294383,74.3593726,"https://www.dawooddrivingcentre.com/","FALSE","Tuesday: Open 24 hours, Wednesday: Open 24 hours, Thursday: Open 24 hours, Friday: Open 24 hours, Saturday: Open 24 hours, Sunday: Open 24 hours, Monday: Open 24 hours",,,,,"Iqbal Colony"
"ChIJkWvghLkFGTkRWNvhDPQgAb4","Bike spare parts","86 mecloard road, Block N Gulberg III, Lahore, Pakistan","https://www.google.com/maps?cid=13691260574743255896","https://search.google.com/local/reviews?placeid=ChIJkWvghLkFGTkRWNvhDPQgAb4&q=auto+repair+shop+lahore&authuser=0&hl=en","86 mecloard road","Auto parts market",,"","03104649278",13,3.8,31.5203696,74.35874729999999,,"FALSE","Tuesday: 10:30 AM–7:30 PM, Wednesday: 10:30 AM–7:30 PM, Thursday: 10:30 AM–7:30 PM, Friday: 10:30 AM–7:30 PM, Saturday: 10:30 AM–7:30 PM, Sunday: Closed, Monday: 10:30 AM–7:30 PM",,,,,"Block N Gulberg III"
"ChIJifGemXAHGTkRTz067_pcCeQ","Urban Tours & Rent A Car",,"https://www.google.com/maps?cid=16431766948263116111","https://search.google.com/local/reviews?placeid=ChIJifGemXAHGTkRTz067_pcCeQ&q=auto+repair+shop+lahore&authuser=0&hl=en",,"Transportation service, Car leasing service, Car rental agency, Service establishment, Tour agency, Tour operator",,"","03204058990",5,5,31.4829403,74.3343893,,"TRUE","Tuesday: Open 24 hours, Wednesday: Open 24 hours, Thursday: Open 24 hours, Friday: Open 24 hours, Saturday: Open 24 hours, Sunday: Open 24 hours, Monday: Open 24 hours",,,,,
"ChIJTe1eDJQDGTkRPM1ihEpTskA","Diana Driving Center Gulberg","Sadique trade center, gulberg III Lahore Gullberg 3, Block H Gulberg 2, Lahore, 54000, Pakistan","https://www.google.com/maps?cid=4661880143795637564","https://search.google.com/local/reviews?placeid=ChIJTe1eDJQDGTkRPM1ihEpTskA&q=auto+repair+shop+lahore&authuser=0&hl=en","Sadique trade center, gulberg III Lahore Gullberg 3","Driving school, Drivers license training school, Driving test center, Learner driver training area, Motorcycle driving school",,"Accessibility: Wheelchair accessible entrance, Wheelchair accessible parking lot; Payments: NFC mobile payments","03395441315",188,4.7,31.529487999999997,74.353325,"https://dianadrivingcentre.com/","TRUE","Tuesday: Open 24 hours, Wednesday: Open 24 hours, Thursday: Open 24 hours, Friday: Open 24 hours, Saturday: Open 24 hours, Sunday: Open 24 hours, Monday: Open 24 hours",,,,,"Block H Gulberg 2"
"ChIJW1JXc8QFGTkRru7yRks22t4","AMAR AUTO","G9C5+5G4, Lahore Road, sial more Block N Gulberg III, Lahore, Pakistan","https://www.google.com/maps?cid=16058207118283697838",,"G9C5+5G4, Lahore Road","Auto parts store",,"","03236100513",,,31.5203906,74.35881669999999,,"FALSE","",,,,,"sial more Block N Gulberg III"
"ChIJ76lRSPoFGTkR2Muv08uAGKo","Rent a car Lahore by TRANSPORTER","Siddique Trade centre, main boulevard, Block H Gulberg lahore, Lahore, 54660, Pakistan","https://www.google.com/maps?cid=12256687998807034840","https://search.google.com/local/reviews?placeid=ChIJ76lRSPoFGTkR2Muv08uAGKo&q=auto+repair+shop+lahore&authuser=0&hl=en","Siddique Trade centre, main boulevard","Car rental agency, Car leasing service, Chauffeur service, Tour operator, Transportation service","Onsite services","Service options: Onsite services; Accessibility: Wheelchair accessible parking lot; Payments: Credit cards, Debit cards; Parking: Free parking lot, Free street parking, On-site parking","03146002635",110,4.7,31.5312691,74.352699,"https://transporter.biz/rent-a-car-in-lahore/","TRUE","Tuesday: Open 24 hours, Wednesday: Open 24 hours, Thursday: Open 24 hours, Friday: Open 24 hours, Saturday: Open 24 hours, Sunday: Open 24 hours, Monday: Open 24 hours",,"https://transporter.biz/cars/",,,"Block H Gulberg lahore"
"ChIJgcCdiHoFGTkRejjY-PdWy8o","Muhammad Athar Shahzad","Fahad city Lahore Punjab Pakistan 212, Block N Gulberg III, Lahore, 55151, Pakistan","https://www.google.com/maps?cid=14612869038965536890",,"Fahad city Lahore Punjab Pakistan 212","Car inspection station",,"Amenities: Mechanic","03008034910",,,31.5203696,74.35874729999999,,"TRUE","Tuesday: Closed, Wednesday: Closed, Thursday: Closed, Friday: Closed, Saturday: Closed, Sunday: Open 24 hours, Monday: Closed",,,,,"Block N Gulberg III"